channel;program;genre;subgenre;aantal
VRT 1;KALMTE KAN U REDDEN;Documentaire;Lifestyle;16
VRT 1;BEAU SEJOUR;Fictie;Drama;20
VRT 1;SYDNEY ZOO;Documentaire;Natuur;7
VRT 1;HET 7 UUR-JOURNAAL;Nieuws;Journaal;2947
VRT 1;HET 1 UUR-JOURNAAL;Nieuws;Journaal;2953
VRT 1;IEDEREEN BEROEMD;Reality;Talentenshow;1830
VRT 1;VELDRIJDEN. GP. SVEN NYS;Sport;Wielrennen;2
VRT 1;NIEUWJAARSCONCERT;Muziek;Klassieke Muziek;8
VTM;NIEUWS 13U VTM;Nieuws;Journaal;2777
VTM;NIEUWS 19U VTM;Nieuws;Journaal;2962
VRT 1;MAG IK U HET JAAR UIT KUSSEN?;Show;Variété;1
VRT 1;DAGELIJKSE KOST;Show;Kookprogramma;1075
VRT 1;SPORTZOMER;Sport;Divers;2
VRT 1;HET JOURNAAL LAAT;Nieuws;Journaal;2526
VTM;WAT ALS?;Fictie;Drama;67
VTM;NANNY MCPHEE & THE BIG BANG;Fictie;Kinderfilm;3
VTM;RADIO GUGA INTEAM!;Reality;Spelprogramma;1
VRT 1;PANO;Documentaire;Actueel;125
PLAY4;NAVY NCIS;Fictie;Politieserie;41
VRT 1;THUIS;Fictie;Soap;1788
VRT 1;ALS DE DIJKEN BREKEN;Documentaire;Rampen/Natuur;2
VRT 1;BLOKKEN;Fictie;Soap;1793
VTM;FAMILIE;Fictie;Soap;1792
VRT 1;IN HET SPOOR VAN DE ROMEO'S;Documentaire;Reis;1
VTM;LOTGENOTEN;Documentaire;Sociaal;12
VRT 1;M/V VAN HET JAAR;Show;Award Show;7
VTM;ZIJN ER NOG KROKETTEN?;Show;Kookprogramma;2
VTM;LIGT ER FLAN OP DE MONT BLANC?;Reality;Reis;19
PLAY4;ONS EERSTE HUIS;Reality;Wonen;15
PLAY4;COMEDY KINGS;Show;Stand-up Comedy;5
VRT 1;NEIGHBOURS;Fictie;Soap;181
VTM;BORDER SECURITY (AUS);Documentaire;Crimineel;91
VTM2;JEFF DUNHAM, ALL OVER THE MAP;Show;Stand-up Comedy;1
VRT 1;HET HUIS;Fictie;Drama;51
VTM;RIJKER DAN JE DENKT?;Reality;Makeover;137
VRT 1;THE MISSING;Fictie;Misdaad;7
VTM;ALLOO BIJ...;Show;Praatprogramma;19
PLAY4;DE RECHERCHE;Fictie;Misdaad;19
VTM;DANTE'S PEAK;Fictie;Rampen/Natuur;2
VTM3;STURM DER LIEBE;Fictie;Soap;149
VRT 1;DE FISCUS;Documentaire;Actueel/Maatschappelijk;2
VRT 1;WIJ WILLEN OOK WERKEN;Documentaire;Actueel/Maatschappelijk;9
VTM;DEZE IS VOOR JOU;Reality;Dating;1
VRT CANVAS;PLANET EARTH II;Documentaire;Natuur;6
VTM;TELEFACTS;Documentaire;Actueel/Maatschappelijk;117
VRT 1;MARY POPPINS;Film;Musical;1
VRT CANVAS;TER ZAKE;Documentaire;Actueel/Maatschappelijk;995
VTM;GROETEN UIT...;Reisprogramma;Lifestyle;63
VRT 1;DE ALLESWETER;Quiz;Kennis;4
VRT 1;HET EILAND;Reality;Overleven;4
VTM;SPECIAL FORCES;Reality;Overleven;1
VRT CANVAS;FORCES OF NATURE;Documentaire;Natuur;2
PLAY4;MET MAN EN MACHT;Reality;Renovatie;1
VRT 1;HINTERLAND;Serie;Misdaad;16
VTM;HUGO;Serie;Comedie;2
VRT 1;DOWNTON ABBEY;Serie;Drama;2
PLAY4;LETHAL WEAPON;Serie;Actie;3
VTM;COMING TO AMERICA;Film;Comedie;2
VIJF;PRETTY WOMAN;Film;Romantiek;2
VTM;WITTEKERKE;Serie;Drama;2
VRT 1;FC DE KAMPIOENEN;Fictie;Komedieserie;689
VRT 1;BRITAIN'S BUSIEST AIRPORT HEATHROW;Documentaire;Observatiedocumentaire;60
VRT 1;MASTERCHEF, THE PROFESSIONALS;Reality;Kookprogramma;24
VTM;R.I.P.D.;Fictie;Actiefilm;3
VRT Canvas;MIDNIGHT SUN;Fictie;Drama;1
VRT 1;MIDSOMER MURDERS;Fictie;Crimiserie;101
VRT 1;UP;Documentaire;Reisdocumentaire;1
VRT 1;THIS WILD LIFE;Documentaire;Natuurdocumentaire;10
VRT Canvas;VRANCKX;Documentaire;Reportage;1
VTM;ICE AGE II;Fictie;Animatiefilm;1
VTM 2;LAW ABIDING CITIZEN;Fictie;Thriller;1
VTM;MRS. DOUBTFIRE;Fictie;Komedie;1
VRT 1;EIGEN KWEEK;Fictie;Komedieserie;51
VRT 1;VELDRIJDEN. BK. OOSTENDE;Sport;Wielrennen;1
VRT 1;SPORTWEEKEND;Sport;Divers;356
VRT 1;SPORZA;Sport;Nieuws;110
VRT 1;NIGHT OF THE PROMS;Muziek;Klassieke Muziek;10
VTM;DIE ANOTHER DAY;Fictie;Actiefilm;3
VRT 1;DE ZEVENDE DAG;Actualiteit;Politiek;283
VRT 1;SPOED 24/7;Documentaire;Observatiedocumentaire;81
VRT 1;KROONPRINSEN;Documentaire;Koningshuis/Politiek;4
VTM;PLANET'S GOT TALENT;Talentenshow;Variété;3
VRT CANVAS;DE AFSPRAAK;Talk/Debat;Actualiteit;1139
VRT 1;THE WORLD'S ODDEST ANIMAL COUPLES;Documentaire;Natuur;1
VRT CANVAS;DE VAL VAN HET REICH;Documentaire;Geschiedenis;3
VRT CANVAS;DE IDEALE WERELD;Satire;Actualiteit;78
VTM;ALLEMAAL CHRIS;Sitcom;Familie;18
VTM;DYNAMO, MAGICIAN IMPOSSIBLE;Documentaire;Magie;4
VTM;DE KROONGETUIGEN;Documentaire;Misdaad;37
PLAY4;KOMEN ETEN;Reality;Koken;21
VTM;THE WOLF OF WALL STREET;Film;Drama;4
VRT 1;MEDICI, MASTERS OF FLORENCE;Drama;Historisch;8
VTM2;BLITZ;Film;Actie;2
VRT 1;YOUNG VETS;Documentaire;Dieren;2
PLAY4;LETHAL WEAPON II;Film;Actie;1
VTM;GASTON EN LEO;Animatie;Kinderen;1
VTM;PADDINGTON;Film;Familie;3
VRT 1;THE IMPOSSIBLE;Film;Drama;2
VTM;DE SMURFEN;Film;Familie;1
VRT 1;VILLA POLITICA;Talk/Debat;Politiek;114
PLAY4;GONE GIRL;Fictie;Thriller;2
VTM;WALK THE LINE;Talent;Muziek;1
VRT 1;DE VRIJE MARKT;Documentaire;Economie;6
VRT 1;GREAT CONTINENTAL RAILWAY JOURNEYS;Documentaire;Reis;35
VRT 1;VELDRIJDEN. LATIO (S.);Sport;Wielrennen;1
VRT 1;LE CONTINENT DES COULEURS;Documentaire;Reis;1
VTM;UNSTOPPABLE;Documentaire;Natuur;3
VRT 1;DE TOPCOLLECTIE VAN;Documentaire;Kunst;3
VTM;BORDER SECURITY (CAN);Documentaire;Waargebeurd;73
VTM;AMIGO'S;Reality;Sociaal;15
VRT 1;VAN GILS & GASTEN;Praat;Actualiteit;274
VTM2;47 RONIN;Fictie;Actie;3
VRT 1;CROSSING LINES;Fictie;Crimi;10
VRT 1;WONEN.TV;Lifestyle;Wonen;10
VRT 1;DWARS DOOR AMERIKA;Documentaire;Reis;7
VRT CANVAS;VB. BB. 1/2F;Fictie;Drama;6
PLAY4;THE MASK OF ZORRO;Fictie;Actie;3
VRT CANVAS;CHECK-POINT;Documentaire;Waargebeurd;2
VTM;ELYSIUM;Fictie;Sciencefiction;2
VTM;STADION;Sport;Voetbal;70
VTM;EXTRA NIEUWS;Nieuws;Algemeen nieuws;7
PLAY4;LETHAL WEAPON III;Film;Actie;1
VRT 1;THE LONG KISS GOODNIGHT;Film;Actie/Thriller;1
VTM3;GIRL MISSING;Film;Thriller;1
VTM;COMEDY TOPPERS;Comedy;Sketch comedy;102
VRT 1;EXPEDITIE AARDE;Documentaire;Natuur;16
VRT 1;SHERLOCK HOLMES, A GAME OF SHADOWS;Film;Avonturen/Mystery;1
VTM;PAUL BLART, MALL COP;Film;Comedy;2
VTM;CLOUDY WITH A CHANCE OF MEATBALLS 2;Film;Animatie/Familie;1
VRT 1;GEORGE GENTLY;Serie;Misdaad;5
VRT 1;VELDRIJDEN. HOOGERHEIDE;Sport;Wielrennen;1
VTM;RED;Film;Actie/Thriller;3
VRT 1;VELDLOPEN. HANNUIT (S.);Sport;Atletiek;2
VRT 1;ZWEMMEN. ANTWERPEN;Sport;Zwemmen;2
VRT CANVAS;EXTRA TIME;Sport;Voetbal;140
VRT CANVAS;STEPHEN FRY IN CENTRAL AMERICA;Documentaire;Reis;1
VRT CANVAS;THE SAVAGE PEACE;Documentaire;Historisch;2
VRT CANVAS;EXTRA TIME CROSS;Sport;Voetbal;5
VRT 1;VERA;Serie;Misdaad;76
VTM;IDENTITY THIEF;Film;Comedy;1
VTM2;THE EXPENDABLES;Film;Actie;3
PLAY4;LETHAL WEAPON 4;Film;Actie;1
VTM;TAKEN 3;Film;Actie;6
VRT 1;HITCH;Film;Romcom;1
VRT CANVAS;VELDRIJDEN. WK. BIELES;Sport;Wielrennen;1
VRT CANVAS;SPORZA;Sport;Divers;10
VRT 1;REIZEN WAES;Reisprogramma;Documentaire;21
VRT 1;VELDRIJDEN. WK. BIELES;Sport;Wielrennen;1
VRT 1;TERUGBLIK WK. VELDRIJDEN;Sport;Wielrennen;1
VRT 1;NATURAL BORN HUSTLERS;Documentaire;Crimineel;2
VRT 1;10 JAAR DE MIA'S;Show;Muziek;1
VTM;MEN IN BLACK III;Film;Sciencefiction;3
VTM;BLIND GETROUWD;Reality;Sociaal;100
VTM;DE BUURTPOLITIE;Reality;Sociaal;1389
VTM;SOFIE IN DE KEUKEN VAN...;Kookprogramma;Reis;36
VRT 1;DE KLAS;Documentaire;Sociaal;30
VTM;MIJN POP-UP RESTAURANT;Reality;Competitie;27
VRT 1;OP STRAAT;Documentaire;Sociaal;3
VIJF;TEMPTATION ISLAND;Reality;Sociaal;56
VTM;VELDRIJDEN. MALDEGEM;Sport;Wielrennen;1
VRT CANVAS;MYTHOS KONGO FLUSS DER EXTREME;Documentaire;Natuur/Avontuur;1
VRT 1;MUSIC INDUSTRY AWARDS;Show;Muziek;8
PLAY4;VERMIST;Drama;Crimi;16
VTM2;KING ARTHUR;Film;Fantasie;1
VTM;CAPTAIN PHILLIPS;Film;Actie;1
VRT CANVAS;JEUNE ET JOLIE;Film;Drama;2
VTM2;A MILLION WAYS TO DIE IN THE WEST;Film;Komedie;3
PLAY4;PIRATES OF THE CARIBBEAN, THE CURSE OF THE BLACK PEARL;Film;Avontuur;2
VRT 1;VELDRIJDEN. KAWATENCROSS;Sport;Wielrennen;1
VTM;THE MONUMENTS MEN;Film;Oorlog;2
VRT 1;FORREST GUMP;Film;Drama;2
VRT CANVAS;ENNEMI PUBLIC;Film;Thriller;6
VRT 1;VELDRIJDEN. HOOGSTRATEN;Sport;Wielrennen;1
VTM;WANTED;Film;Actie;2
PLAY4;DE MOL;Reality;Spel;75
VRT 1;BUURMAN, WAT DOET U NU?;Show;Variété;46
PLAY4;AUWCH;Reality;Spel;28
PLAY4;THE SKY IS THE LIMIT;Reality;Lifestyle;42
PLAY4;STUKKEN VAN MENSEN;Documentaire;Sociaal;134
VRT CANVAS;WISSEL VAN DE MACHT;Documentaire;Politiek;11
VTM;DE GOUDEN SCHOEN;Sport;Wielrennen;9
PLAY4;GEUBELS EN DE BELGEN;Comedy;Comedyserie;125
VIJF;ASTRID;Drama;Crimi;5
PLAY4;'T IS GEBEURD;Reality;Documentaire;48
VRT 1;ALLES VOOR DE KOERS;Sport;Wielrennen;10
PLAY4;CHAUSSEE D'AMOUR;Reality;Datingshow;10
VRT 1;MAG IK U KUSSEN?;Reality;Datingshow;12
PLAY4;HOTEL ROMANTIEK;Reality;Datingshow;24
VTM2;THE EQUALIZER;Actie;Actie/Thriller;5
VTM;OBLIVION;Sciencefiction;Sciencefiction/Actie;2
VTM2;JOHNNY ENGLISH;Comedy;Actiecomedy;1
PLAY4;PIRATES OF THE CARIBBEAN, DEAD MAN'S CHEST;Avontuur;Fantasy/Avontuur;2
VRT 1;HYSTERIA;Comedy;Comedyserie;1
VTM;TEENAGE MUTANT NINJA TURTLES;Animatie;Actie/Animatie;1
VTM2;REAL LIFE HULKS;Reality;Documentaire;1
VRT 1;VELDRIJDEN. MIDDELKERKE (S.);Sport;Veldrijden;4
VRT 1;TENNIS. FED CUP BELGIE/ROEMENIE;Sport;Tennis;1
VTM;ICE AGE 3, DAWN OF THE DINOSAURS;Animatie;Avontuur/Animatie;3
VRT CANVAS;TENNIS. FED CUP BELGIE/ROEMENIE;Sport;Tennis;1
VTM;VELDRIJDEN. HULST;Sport;Veldrijden;4
VTM;THE WORLD IS NOT ENOUGH;Film;Actie;3
PLAY4;BULL;Serie;Rechtbankdrama;1
VTM2;VB. C1 UEFA 1/8F;Sport;Voetbal;16
VRT CANVAS;VB. C3 UEFA 1/16F;Sport;Voetbal;5
OP 12;VB. C3 UEFA 1/16F;Sport;Voetbal;2
VTM;THE BAND;Reality;Muziek;13
VTM2;XXX, STATE OF THE UNION;Film;Actie;1
PLAY4;PIRATES OF THE CARIBBEAN, AT WORLD'S END;Film;Avontuur;2
VRT 1;VELDRIJDEN. LEUVEN;Sport;Wielrennen;1
VRT 1;VIRGIN ATLANTIC, UP IN THE AIR;Film;Romantisch komedie;2
VRT 1;THE AMAZING SPIDER-MAN;Film;Superhelden;1
VTM;MORTDECAI;Film;Komedie;1
VTM2;DJANGO UNCHAINED;Film;Western;2
VRT 1;BURGERS' ZOO, DRUKTE IN DE DIERENTUIN;Documentaire;Natuur;11
VRT 1;VELDRIJDEN. OOSTMALLE (S.);Sport;Wielrennen;2
VRT 1;BARCELONA VANUIT DE HEMEL;Documentaire;Reizen;2
VRT 1;ALASKA'S WILD PENINSULA;Documentaire;Natuur;1
VTM;2 FAST 2 FURIOUS;Film;Actie;1
VRT 1;BASKET. BB. FIN;Sport;Basketbal;2
VRT CANVAS;DE KLEEDKAMER;Serie;Drama;10
VRT 1;ZIE MIJ GRAAG;Reality;Documentaire Reality;90
VTM;FAROEK;Fictie;Drama;51
VTM;TEGEN DE STERREN OP;Reality;Talentenshow;83
VTM;GEZOND VERSTAND;Reality;Gespreks-programma;2
VRT 1;DCI BANKS;Fictie;Crimi;9
PLAY4;PIRATES OF THE CARIBBEAN, ON STRANGER TIDES;Fictie;Avontuur;1
VTM2;JARHEAD;Fictie;Oorlog;1
VRT 1;UP IN THE AIR;Fictie;Drama;1
VRT 1;TOOTSIE;Fictie;Komedie;1
VTM;ICE AGE, CONTINENTAL DRIFT;Fictie;Animatie;1
VTM2;THE WOLVERINE;Fictie;Actie;1
VIJF;THE BODYGUARD;Fictie;Thriller;1
VRT 1;WIELRENNEN. KUURNE-BRUSSEL-KUURNE;Sport;Wielrennen;9
VTM;DE ZONEN VAN VAN AS;Fictie;Drama;61
VRT 1;VELDLOPEN. DOUR (S.);Sport;Atletiek;1
VRT 1;MOTORCROSS. WK. GP. QATAR (S.);Sport;Motorsport;1
VTM;ROBIN HOOD;Fictie;Avontuur;4
VRT 1;QUEBEC VANUIT DE HEMEL;Documentaire;Reis;1
VRT 1;CATH & GASTEN;Reality;Gespreks-programma;7
VRT CANVAS;OP ZOEK NAAR FRANKRIJK;Documentaire;Reis;3
VTM;WIELRENNEN. GP. SAMYN;Sport;Wielrennen;1
VTM2;THE EXPENDABLES 2;Film;Actie;2
VTM3;THE OTHER WIFE;Film;Drama;1
VTM;DADDY DAY CARE;Film;Komedie;1
VRT 1;INTOUCHABLES;Film;Komedie;3
VRT 1;HET GOEIE LEVEN;Serie;Drama;11
VTM;KINGSMAN, THE SECRET SERVICE;Film;Actie;6
VRT 1;DE WEEK VAN BRUZZ;Actualiteiten;Politiek;52
PLAY4;CAPTAIN AMERICA, THE WINTER SOLDIER;Film;Actie;2
VRT 1;WIELRENNEN. PARIJS-NICE;Sport;Wielrennen;17
VRT 1;ATLETIEK. EK. BELGRADO;Sport;Atletiek;1
VRT 1;MOTORCROSS. WK. GP. INDONESIE (S.);Sport;Motorsport;1
VRT 1;BILJART. ANTWERPEN. FIN.;Sport;Biljart;1
VTM;THE HEAT;Film;Actie;7
VTM;WIELRENNEN. MUSEEUW CLASSICS;Sport;Wielrennen;1
VRT CANVAS;TREASURES OF ANCIENT EGYPT;Documentaire;Geschiedenis;1
VRT 1;DE NOODCENTRALE;Serie;Drama;66
VRT CANVAS;VB. C3 UEFA 1/8F;Sport;Voetbal;4
VTM;ALLOO IN DE BUITENLANDSE GEVANGENIS;Reality;Crimineel;15
OP 12;VB. C3 UEFA 1/8F;Sport;Voetbal;2
VRT 1;POLDARK;Drama;Historisch drama;35
PLAY4;THE EAGLE;Actie;Avontuur;2
VTM2;IRON MAN;Actie;Superheldenfilm;1
VRT 1;ANIMAL AIRPORT;Documentaire;Dieren;54
VRT CANVAS;TRAPPED;Drama;Misdaad;5
VTM;JACK RYAN, SHADOW RECRUIT;Actie;Thriller;2
VRT 1;JULIE & JULIA;Drama;Kookprogramma;1
PLAY4;NOAH;Drama;Bijbels;2
VTM2;PERCY JACKSON, SEA OF MONSTERS;Fantasy;Avontuur;2
VRT 1;FLIKKEN MAASTRICHT;Drama;Misdaad;192
VTM;A GOOD DAY TO DIE HARD;Actie;Thriller;4
VRT 1;FROM HELL TO HEAVEN, LUSATIA;Documentaire;Historisch;1
VRT 1;SENEGAL VANUIT DE HEMEL;Documentaire;Reis;1
VRT 1;VELDLOPEN. BK. WACHTEBEKE;Sport;Atletiek;1
VTM;MOERKERKE EN DE VROUWEN;Documentaire;Sociaal;8
VTM;HELDEN VAN HIER, DOOR HET VUUR;Documentaire;Sociaal;51
VRT 1;22/3, HET ONDERZOEK;Documentaire;Actueel;1
VIJF;COMPLEX;Drama;Misdaad;1
VRT 1;WIELRENNEN. NOKERE KOERSE;Sport;Wielrennen;4
VRT 1;LA VIE EN ROSE;Drama;Biografisch;7
VTM2;HOMEFRONT;Drama;Oorlogsdrama;3
PLAY4;RUNNER RUNNER;Drama;Crimi;2
VTM;WIELRENNEN. HANDZAME CLASSIC;Sport;Wielrennen;1
VRT 1;VB. BB. FIN;Documentaire;Actualiteit;6
VTM;OLYMPUS HAS FALLEN;Actie;Thriller;3
VRT 1;HET JOURNAAL;Nieuws;Journaal;2
PLAY4;GRAVITY;Sciencefiction;Thriller;1
VRT 1;LE SANG DE LA VIGNE;Drama;Misdaad;2
VTM;THE RIVER WILD;Avontuur;Thriller;1
VTM;THE GUARDIAN;Drama;Thriller;9
VRT 1;APULIE VANUIT DE HEMEL;Documentaire;Reisdocumentaire;1
VTM;ANGELS & DEMONS;Actie;Thriller;4
VRT CANVAS;ITALY'S INVISIBLE CITIES;Documentaire;Reisdocumentaire;3
VRT 1;THE WATER HORSE;Fantasie;Familiefilm;1
VRT 1;ENDEAVOUR;Drama;Politie;53
VRT CANVAS;IS IN HET VIZIER;Documentaire;Actualiteit;2
VRT 1;22/3, 1 JAAR LATER;Documentaire;Actualiteit;1
VRT 1;WIELRENNEN. DWARS DOOR VLAANDEREN;Sport;Wielrennen;7
VRT CANVAS;EXTRA TIME KOERS;Sport;Wielrennen;18
VRT 1;WIELRENNEN. E-3 PRIJS HARELBEKE;Sport;Wielrennen;3
VTM2;13;Reality;Reality Soaps;1
PLAY4;THE INTERNSHIP;Documentaire;Observational Documentaire;1
VRT 1;VB. WK. KWALIF;Sport;Voetbal;14
VRT 1;VLAANDEREN VAKANTIELAND;Reis;Reisreportage;142
PLAY4;INTO THE STORM;Documentaire;Natuur Documentaire;4
VTM;AVATAR;Film;Science Fiction;2
VTM2;DOUBLE JEOPARDY;Spel;Quiz;1
VRT 1;PENOZA;Serie;Misdaadserie;1
VRT 1;DE RONDE 100;Spel;Quiz;1
VRT 1;WIELRENNEN. GENT-WEVELGEM;Sport;Wielrennen;3
VRT 1;F1. WK. GP. AUSTRALIA (S.);Sport;Autosport;4
VTM;JACK REACHER;Film;Actie;3
PLAY4;NCIS, NEW ORLEANS;Serie;Misdaadserie;1
VRT 1;TOPSERVICE;Serie;Comedyserie;9
VTM;TOM BOONEN, MY RIDE, MY FIGHT, MY LIFE;Documentaire;Sport Documentaire;3
VRT 1;GOED VOLK;Serie;Drama;14
VRT CANVAS;VB. VRIEND;Sport;Voetbal;1
VRT 1;WIELRENNEN. 3-DAAGSE DE PANNE - KOKSIJDE;Sport;Wielrennen;3
VRT 1;19 KIDS AND COUNTING;Reality;Reality Soaps;1
PLAY4;BARTEL IN HET WILD;Reality;Adventure Reality;7
VTM2;THE MAN WITH THE IRON FISTS;Actie;Martial Arts;1
VRT 1;COPY BEEST;Comedy;Sketchcomedy;6
VTM;CAFE DERBY;Reality;Gameshow;4
VRT 1;THE GRAND SEDUCTION;Comedy;Romcom;1
PLAY4;MALEFICENT;Fantasy;Avonturenfilm;1
VTM2;2 GUNS;Actie;Actie/Thriller;2
VRT 1;GUESS WHO'S COMING TO DINNER;Drama;Relatiedrama;1
VRT 1;WIELRENNEN. RONDE VAN VLAANDEREN;Sport;Wielrennen;3
VTM;DIE HARD WITH A VENGEANCE;Actie;Actie/Thriller;3
VTM3;VIND MIJN FAMILIE;Documentaire;Familiezaken;1
VRT 1;BART&GASTEN;Gesprek;Talkshow;1
VTM;CHICAGO P.D.;Misdaad;Politieserie;6
VRT 1;OVER ETEN;Documentaire;Kookprogramma;25
VRT 1;WIELRENNEN. SCHELDEPRIJS;Sport;Wielrennen;8
VTM2;TERMINATOR GENISYS;Science Fiction;Actie;2
VTM2;THE EXPENDABLES 3;Actie;Actie/Thriller;2
PLAY4;INDIANA JONES AND THE RAIDERS OF LOST ARK;Avonturenfilm;Actie/Avonturenfilm;4
VRT CANVAS;AMERICANOS;Drama;Familiedrama;1
VRT 1;THE ADVENTURES OF TINTIN, THE SECRET OF THE UNICORN;Animatie;Avonturenfilm;1
VTM;SPY;Actie;Actie/Comedy;7
PLAY4;THE LONE RANGER;Film;Western;3
VTM2;NO GOOD DEED;Film;Thriller;1
VRT 1;DE 3 WIJZEN;Show;Quiz;24
VRT 1;WIELRENNEN. PARIJS-ROUBAIX;Sport;Wielrennen;4
VRT 1;VIVE TOM;Documentaire;Biografie;1
VRT 1;F1. WK. GP. CHINA;Sport;Autosport;1
VTM2;PEKING EXPRESS;Reality;Avonturenrace;6
VTM;BINGO;Show;Spel;2
VTM;LIEFDE VOOR MUZIEK;Show;Muziek;86
PLAY4;JANI GAAT...;Reality;Reisprogramma;9
VRT 1;ALLES VOOR TOM;Documentaire;Biografie;1
VTM2;VB. C1 UEFA 1/4F;Sport;Voetbal;9
VRT 1;WIELRENNEN. BRABANTSE PIJL;Sport;Wielrennen;8
VRT CANVAS;VB. C3 UEFA 1/4F;Sport;Voetbal;7
VRT CANVAS;EUROPA LEAGUE MAGAZINE;Sport;Voetbal;4
VTM;THE VOICE KIDS;Show;Talentenshow;37
PLAY4;INDIANA JONES AND THE TEMPLE OF DOOM;Film;Avonturenfilm;3
VTM2;THE BOURNE IDENTITY;Film;Actie;1
VRT 1;WIELRENNEN. BAAN WK. HONG-KONG;Sport;Wielrennen;3
VRT 1;P.S. I LOVE YOU;Film;Romantische Komedie;1
VTM;THE SMURFS 2;Animatiefilm;Familiefilm;2
VRT CANVAS;THE LEVEL;Drama;Crimeserie;3
VTM2;IRON MAN II;Actiefilm;Superheldenfilm;1
VTM3;MESSAGE IN A BOTTLE;Romantische film;Drama;1
PLAY4;OZ THE GREAT AND POWERFUL;Fantasiefilm;Familiefilm;1
VRT 1;WIELRENNEN. AMSTEL GOLD RACE;Sport;Wielrennen;1
VRT 1;MOTORCROSS. WK. GP. ITALIE (S.);Sport;Motorsport;1
VTM;NANNY MCPHEE;Familiefilm;Kinderfilm;1
VTM;ECHTE MENSEN, NIEUW LEVEN;Documentaire;Reality-tv;14
PLAY4;DE LEUGENDETECTOR;Reality-tv;Gameshow;5
VRT 1;POIROT;Drama;Crimeserie;16
PLAY4;TOPDOKTERS;Documentaire;Medisch;116
VRT CANVAS;WEDUWEN NA DE VAL;Drama;Serie;1
PLAY4;DE SOLLICITATIE;Reality-tv;Documentaire;9
VRT 1;WIELRENNEN. WAALSE PIJL;Sport;Wielrennen;3
PLAY4;PERFECT?;Reality-tv;Make-over;7
PLAY4;INDIANA JONES AND THE LAST CRUSADE;Actiefilm;Avonturenfilm;4
VTM2;ACT OF VALOR;Actiefilm;Actiethriller;1
VTM;MISSION IMPOSSIBLE ROGUE NATION;Actiefilm;Actiethriller;4
VRT 1;SOURCE CODE;Sciencefictionfilm;Actiethriller;1
PLAY4;UNKNOWN;Onbekend;Onbekend;4
VTM2;LIFE OF PI;Film;Avonturenfilm;1
VTM;EXPEDITIE PAIRI DAIZA;Documentaire;Natuurdocumentaire;168
VRT 1;WIELRENNEN. LUIK-BASTENAKEN-LUIK;Sport;Wielrennen;3
VRT 1;JOANNA LUMLEY'S TRANS-SIBERIAN ADVENTURE;Documentaire;Reisshow;3
VRT 1;MOTORCROSS. WK. GP. VALKENSWAARD (S.);Sport;Motorsport;1
VTM;DE HELAASHEID DER DINGEN;Drama;Comedie;3
VRT 1;PAARDENSPORT. JUMPING ANTWERPEN (S.);Sport;Paardensport;1
PLAY4;GERT LATE NIGHT;Comedy;Talkshow;169
VRT CANVAS;WHERE THE WILD MEN ARE;Documentaire;Natuurdocumentaire;6
VTM;BOONEN & FRIENDS;Comedy;Sitcom;1
VTM2;KINGDOM OF HEAVEN;Film;Historische film;1
VRT CANVAS;BEVERGEM;Drama;Comedie;3
PLAY4;CONTROL PEDRO;Reality;Gameshow;24
VTM2;PARKER;Film;Actiefilm;1
PLAY4;INDIANA JONES AND THE KINGDOM OF THE CRYSTAL SKULL;Film;Avonturenfilm;5
VRT 1;ITALIEN, MEINE LIEBE;Documentaire;Reisshow;1
VTM;TOM SAYS THANKS!;Comedy;Sketchshow;1
VTM2;JOHN WICK;Film;Actiefilm;3
VRT 1;KOMT EEN VROUW BIJ DE DOKTER;Comedy;Sketchshow;2
VTM;DUMB AND DUMBER TO;Film;Komedie;1
VRT 1;SISSI;Film;Drama;1
VRT 1;LET'S GO WILD;Documentaire;Natuur;3
VRT 1;IEDEREEN TEGEN KANKER;Documentaire;Sociaal;2
VTM;THE DAY AFTER TOMORROW;Film;Sciencefiction;3
VRT 1;HET VOORJAAR VAN PHIL EN GREG;Reality;Observatie;1
VRT CANVAS;THE SILK ROAD;Documentaire;Historisch;2
VRT 1;OP WEG MET JAN;Reisprogramma;Cultuur;17
VTM2;VB. C1 UEFA 1/2F;Sport;Voetbal;9
VTM;DE UITVERKORENEN;Reality;Competitie;5
VRT 1;DWARS DOOR FRANKRIJK;Reisprogramma;Avontuur;1
VTM2;G.I. JOE, RETALIATION;Film;Actie;2
VRT CANVAS;THE IMITATION GAME;Film;Drama;2
VTM;DE 25;Reality;Observatie;171
VRT CANVAS;WALLANDER;Serie;Misdaad;3
VRT 1;EAT PRAY LOVE;Film;Drama;1
PLAY4;KNIGHT AND DAY;Film;Actie;4
VTM2;LET'S BE COPS;Film;Komedie;1
VIJF;SHOPPING QUEENS;Reality;Competitie;3
VRT CANVAS;A L'ARRACHE;Film;Drama;1
VRT 1;THE SECRET LIFE OF THE ZOO;Documentaire;Natuur;70
VTM;THE LAST CASTLE;Reality;Competitie;2
VRT 1;DE HEBRIDEN VANUIT DE HEMEL;Documentaire;Reizen;1
VRT CANVAS;STEVE BACKSHALL'S EXTREME RIVER CHALLENGE;Documentaire;Avontuur;1
VRT 1;EUROVISIE SONGFESTIVAL;Muziek;Wedstrijd;11
VRT 1;VAN GILS & HET SONGFESTIVAL;Muziek;Wedstrijd;4
VTM;THE BEST OF HOLLAND'S GOT TALENT;Reality;Talent;8
VTM;HELDEN VAN HIER, IN DE LUCHT;Documentaire;Human interest;34
VIJF;ZO MAN, ZO VROUW;Reality;Sociaal;9
VTM;KAN U DE VRAAG NOG EENS HERHALEN?;Gameshow;Quiz;4
VRT CANVAS;VB. C3 UEFA 1/2F;Sport;Voetbal;5
VTM;PRO DEO;Drama;Rechtszaal;4
PLAY4;BATMAN BEGINS;Film;Actie;2
VTM2;THE TRANSPORTER;Film;Actie;1
VRT 1;BLANCHE, EEN PORTRET;Documentaire;Biografisch;1
VTM;THE PROPOSAL;Film;Romantisch;3
VRT 1;LE JARDIN EXTRAORDINAIRE;Documentaire;Natuur;42
VRT 1;SISSI, SCHICKSALJAHRE EINER KAISERIN;Film;Historisch;1
PLAY4;JUMPER;Film;Science Fiction;1
VRT 1;KEVIN MCCLOUD'S ESCAPE TO THE WILD;Documentaire;Avontuur;4
VRT 1;HET RIVIERDAL VAN DE ETEL VANUIT DE HEMEL;Documentaire;Natuurdocumentaire;2
VTM;21 JUMP STREET;Film;Actie/Politie;1
VTM2;MAN ON A LEDGE;Film;Thriller/Actie;1
VRT CANVAS;CHARLES LINDBERGH IN COLOR;Documentaire;Historische Documentaire;2
VRT 1;TYPISCH MENSEN;Documentaire;Sociale Documentaire;8
VRT 1;RED FLAMES;Film;Drama;2
VTM2;INSURGENT;Film;Sciencefiction/Actie;2
VRT 1;OUTLANDER;Serie;Drama/Historisch;13
VTM2;FIRE WITH FIRE;Film;Actie/Thriller;1
PLAY4;THE DARK KNIGHT;Film;Actie/Superhelden;2
VTM;ANNIE;Film;Musical;4
VRT 1;THE PELICAN BRIEF;Film;Thriller;2
VTM2;X-MEN, DAYS OF FUTURE PAST;Film;Sciencefiction/Superhelden;1
PLAY4;EXECUTIVE DECISION;Film;Actie/Thriller;1
VTM;RED 2;Film;Actie/Comedy;1
VRT CANVAS;TURKEY WITH SIMON REEVE;Documentaire;Kookprogramma;2
VRT CANVAS;BOMBING WAR, FROM GUERNICA TO HIROSHIMA;Documentaire;Historische Documentaire;3
VRT CANVAS;VB. C3 UEFA FIN;Sport;Voetbal;4
VRT 1;GIRLS WITH AUTISM;Documentaire;Sociale Documentaire;1
VRT 1;MORBIHAN VANUIT DE HEMEL;Documentaire;Natuurdocumentaire;1
VTM;CHICAGO FIRE;Drama;Actie/Brandweer;14
PLAY4;THE DARK KNIGHT RISES;Actie;Superheldenfilm;3
VTM;YOURS, MINE & OURS;Komedie;Familiefilm;1
VTM2;JARHEAD 2, FIELD OF FIRE;Actie;Oorlogsfilm;1
VRT 1;WIELRENNEN. RONDE VAN BELGIE;Sport;Wielrennen;3
VRT 1;A GOOD YEAR;Drama;Romantiek;1
VTM;MIRROR MIRROR;Fantasie;Familiefilm;2
VRT CANVAS;DARK HEART;Drama;Misdaad;6
VTM2;STAR TREK;Sciencefiction;Ruimteopera;3
PLAY4;JACK THE GIANT SLAYER;Fantasie;Avonturenfilm;1
VTM;THE DA VINCI CODE;Thriller;Mystery;6
VRT 1;MOTORCROSS. WK. GP. FRANKRIJK (S.);Sport;Motorsport;1
VRT 1;DE CLUB;Drama;Sociaal;35
VRT 1;TENNIS. ROLAND GARROS D.;Sport;Tennis;6
VRT 1;BESTE VRIENDEN;Drama;Jeugd;9
VTM2;THE ICEMAN;Thriller;Misdaad;1
VTM2;THE PRINCE;Drama;Historisch;1
VTM;BEAN;Komedie;Familiefilm;2
VRT 1;TENNIS. ROLAND GARROS H.;Sport;Tennis;3
PLAY4;CATWOMAN;Actie;Superheldenfilm;1
VRT CANVAS;A ROYAL AFFAIR;Drama;Historische drama;1
VTM2;VB. C1 UEFA FIN;Sport;Voetbal;5
VTM;WE BOUGHT A ZOO;Familie;Familiefilm;6
VRT 1;CATCH ME IF YOU CAN;Drama;Biografische film;1
VTM;RUSH HOUR III;Actie;Actie komedie;1
PLAY4;JUST GO WITH IT;Komedie;Romatische komedie;1
VTM;WIELRENNEN. HEISTSE PIJL;Sport;Wielrennen;1
VRT 1;REIZEN WAES 12-12;Reis;Reisprogramma;1
VRT 1;WIELRENNEN. DAUPHINE LIBERE;Sport;Wielrennen;14
VTM;BAD BOYS II;Actie;Actie komedie;1
VRT 1;ONE LOVE MANCHESTER;Documentaire;Concert documentaire;1
VRT 1;WORLD'S WEIRDEST HOMES;Documentaire;Lifestyle;4
VTM2;THE LAST KINGDOM;Drama;Historische drama;3
VRT 1;VB. VRIEND;Sport;Voetbal;8
VTM;DE KOTMADAM;Komedie;Situatiekomedie;434
VTM;MET VIER IN BED;Reality;Datingshow;220
VTM;ASPE;Misdaad;Crimi serie;203
VRT 1;MADAM SECRETARY;Drama;Politieke drama;3
PLAY4;TRESPASS;Thriller;Thriller;1
VRT CANVAS;GREAT AMERICAN RAILROAD JOURNEYS;Reis;Reisprogramma;2
VRT CANVAS;6 JUIN 44;Documentaire;Historische Documentaire;1
VRT CANVAS;LA LUMIERE DE L'AUBE;Drama;Oorlogsdrama;1
VTM;TELEFACTS ZOMER;Documentaire;Actueel;146
VTM2;INGLOURIOUS BASTERDS;Film;Actie/Oorlog;1
VTM;LEGALLY BLONDE;Film;Romantische Komedie;3
PLAY4;MAN ON FIRE;Film;Actie/Thriller;2
VRT 1;BASKET. BB. FIN (S.);Sport;Basketbal;2
VRT 1;CAST AWAY;Film;Drama/Avontuur;3
VTM;THE AMAZING SPIDER-MAN 2;Film;Superheldenfilm/Actie;3
VRT 1;TENNIS. ROLAND GARROS FIN. D;Sport;Tennis;2
VRT CANVAS;SHERLOCK;Serie;Misdaad/Drama;3
VTM2;THE BOURNE ULTIMATUM;Film;Actie/Thriller;1
VTM;THE GREEN MILE;Film;Drama/Thriller;2
VRT 1;CLIP(S);Muziek;Videoclips;28
VTM;SHREK FOREVER AFTER;Film;Animatie/Familie;3
VRT 1;PLANEET KUIFJE;Animatie;Jeugd;13
VTM;MISSION IMPOSSIBLE III;Film;Actie/Thriller;2
VRT 1;TENNIS. ROLAND GARROS FIN. H;Sport;Tennis;2
VTM3;VERSLAAFD!;Documentaire;Maatschappelijk;6
VRT CANVAS;SECRET CITIES;Serie;Science Fiction;1
PLAY4;VALKYRIE;Film;Oorlogsdrama;1
VRT 1;TOMTESTEROM;Documentaire;Misdaad;5
PLAY4;A KNIGHT'S TALE;Film;Avontuur;2
VTM;RUNAWAY BRIDE;Film;Romantische Komedie;1
VRT 1;ATLETIEK. OSLO (S.);Sport;Atletiek;3
VTM;THIS IS 40;Film;Komedie;1
VTM2;I, ROBOT;Film;Sciencefiction;1
PLAY4;SUPERMAN RETURNS;Film;Superhelden;3
VRT 1;BILLY ELLIOT;Film;Drama;3
VTM;THE MAZE RUNNER;Film;Sciencefiction;1
VRT 1;PETS, WILD AT HEART;Documentaire;Natuur;2
PLAY4;THE ROCK;Film;Actie;2
VTM2;THE SIEGE;Film;Actie;1
VTM;DATE NIGHT;Film;Komedie;1
VRT 1;SECTION DE RECHERCHES;Serie;Misdaad;13
VRT 1;MARTIN CLUNES, ISLANDS OF AUSTRALIA;Documentaire;Reizen;3
VTM;LIVE AND LET DIE;Film;Actie;1
VRT 1;WIELRENNEN. ELFSTEDENRONDE;Sport;Wielrennen;5
PLAY4;THE COLD LIGHT OF DAY;Film;Thriller;1
VTM;EVAN ALMIGHTY;Film;Komedie;1
VTM;WIELRENNEN. HALLE-INGOOIGEM;Sport;Wielrennen;1
PLAY4;PEARL HARBOR;Film;Oorlogsfilm;2
VTM2;THE BAG MAN;Film;Actie/Thriller;1
VTM;2012;Film;Sciencefiction/Rampenfilm;3
VRT CANVAS;THE GRADUATE;Film;Romantiek/Drama;1
PLAY4;JOURNEY 2, THE MYSTERIOUS ISLAND;Film;Avontuur/Familie;2
VRT 1;LARRY CROWNE;Film;Romantiek/Komedie;1
VTM;BIG HERO 6;Film;Animatie/Avontuur;2
VRT CANVAS;BASKET. EK.;Sport;Basketbal;1
VTM;BRAVEHEART;Film;Historische film/Actie;2
VRT CANVAS;VB. CONFED.B. (S.);Sport;Volleybal;1
VTM2;TRANSFORMERS, DARK OF THE MOON;Film;Sciencefiction/Actie;1
VRT 1;BROER;Drama;Familiedrama;3
VRT 1;WIELRENNEN. BK. ANTWERPEN. H.;Sport;Wielrennen;1
VRT 1;WIELRENNEN. BK. ANTWERPEN. D. (S.);Sport;Wielrennen;1
VRT 1;KARAKTERS;Documentaire;Portret;1
VTM;THE MAN WITH THE GOLDEN GUN;Film;Actie/Thriller;1
VTM;VLAAMSE STREKEN;Documentaire;Reisprogramma;3
VRT 1;SWITCH;Show;Variété;424
VRT 1;LONDEN ZOO;Documentaire;Natuur;12
PLAY4;CHEF IN JE OOR;Show;Reality;6
PLAY4;STOLEN;Fictie;Misdaad;1
VRT CANVAS;JACKIE WITHOUT JACK;Documentaire;Biografie;1
VTM;SUPER 8;Fictie;Horror;1
VTM2;THE SCORPION KING 4, QUEST FOR POWER;Fictie;Fantasy;1
PLAY4;DE IDIOTEN;Reality;Gameshow;1
VRT 1;WANTED IN PARADISE;Documentaire;True Crime;5
PLAY4;FROZEN;Animatie;Familiefilm;1
VTM;PARENTAL GUIDANCE;Fictie;Komedie;1
VTM2;THE SWEENEY;Fictie;Politie;1
VRT 1;VIVE LE VELO;Sport;Wielrennen;168
VRT 1;DAGELIJKSE ZOMERKOST;Kookprogramma;Lifestyle;157
VRT 1;WIELRENNEN. RONDE VAN FRANKRIJK;Sport;Wielrennen;24
VRT 1;SLEEPLESS IN SEATTLE;Fictie;Romantische Komedie;1
VRT CANVAS;WIELRENNEN. RONDE VAN FRANKRIJK;Sport;Wielrennen;5
VTM;DESPICABLE ME;Animatie;Familiefilm;1
VRT CANVAS;FOLLOW THE MONEY;Fictie;Thriller;5
VRT 1;SPY IN THE WILD;Documentaire;Natuur;5
PLAY4;THE LORD OF THE RINGS;Fictie;Fantasy;2
VRT 1;ALLEZ, EDDY!;Fictie;Komedie;1
VRT 1;ATLETIEK. PARIJS (S.);Sport;Atletiek;3
VTM;THE SPY WHO LOVED ME;Actie;Spionage;1
VRT 1;THE ZOO;Documentaire;Dieren;53
PLAY4;CRIMINAL MINDS, BEYOND BORDERS;Misdaad;Politie;4
VTM;DE KLINIEK;Drama;Medisch;122
VRT CANVAS;DE NEVEN VAN OZCAN AKYOL;Documentaire;Sociaal;1
VRT CANVAS;GREAT AMERICAN THAW;Documentaire;Natuur;2
VTM;...VOOR DUMMIES;Educatief;Practicum;39
VTM2;THE LIBRARIAN, QUEST FOR THE SPEAR;Avontuur;Fantasie;2
VTM;INDEPENDENCE DAY;Actie;Sciencefiction;1
PLAY4;HEAT;Actie;Misdaad;2
VTM3;ONE OF US;Drama;Thriller;1
VRT 1;THE TERMINAL;Drama;Comedie;1
VTM;PITCH PERFECT;Muziek;Comedie;4
PLAY4;THE LORD OF THE RINGS II;Avontuur;Fantasie;4
VTM;ICE AGE 4, CONTINENTAL DRIFT;Animatie;Comedie;2
VTM2;RED SKY;Drama;Thriller;1
VTM;THE MAN IN THE IRON MASK;Avontuur;Historisch;1
VRT 1;F1. WK. GP. OOSTENRIJK (S.);Sport;Autosport;3
VRT 1;TOT ALTIJD;Drama;Romantisch;1
VTM;MOONRAKER;Actie;Spionage;1
VRT 1;RICK STEIN'S LONG WEEKENDS;Documentaire;Kookprogramma;7
VTM2;TUT;Documentaire;Historische Documentaire;4
PLAY4;CRIMINAL MINDS;Misdaad;Politieserie;6
VRT 1;URBANUS ZELF!;Show;Comedy;2
PLAY4;WILD HOGS;Film;Actiecomedy;1
VRT 1;VLAANDEREN FEEST;Show;Muziek;12
VRT CANVAS;TOURIST GO HOME;Documentaire;Reisprogramma;1
VTM;CHEF;Reality;Kookprogramma;1
VTM;HITCH;Film;Romantische Komedie;2
VTM2;SAVING PRIVATE RYAN;Film;Oorlog;1
PLAY4;THE GUARDIAN;Misdaad;Politieserie;1
VRT CANVAS;STACEY DOOLEY ONDERZOEKT CANADA'S VERDWENEN MEISJES;Documentaire;True Crime;1
VRT 1;LA GRANDE VADROUILLE;Film;Komedie;2
VTM;TITANIC;Film;Drama;5
PLAY4;THE LORD OF THE RINGS III;Film;Fantasy;4
PLAY4;POLICE ACADEMY III;Film;Actiecomedy;1
VRT CANVAS;ATLANTIC;Film;Drama;1
VRT 1;VB. EK. D. SCHIFT;Documentaire;Sport;3
VTM;FOR YOUR EYES ONLY;Film;Actie;1
VRT 1;SUR LES ROUTES D'USHUAIA;Documentaire;Reisprogramma;6
VRT CANVAS;F1. WK. GP. GROOT-BRITTANNIE (S.);Sport;Autosport;1
VTM3;DIAGNOSE GEZOCHT;Documentaire;Medisch;1
VRT 1;LONDON ZOO;Documentaire;Natuur;1
PLAY4;PRETTY WOMAN;Film;Romantische Komedie;1
VRT 1;DE LEUKSTE BESTE VRIENDEN;Reality;Relaties;3
VTM;MR. BEAN'S HOLIDAY;Film;Komedie;3
VRT CANVAS;VB. EK. D. SCHIFT;Sport;Voetbal;1
VTM2;AMERICAN HEIST;Film;Actie;1
VRT CANVAS;NATIONAAL DEFILE;Documentaire;Actualiteit;6
VTM;AFTER EARTH;Film;Sciencefiction;1
VTM2;THE LEGEND OF ZORRO;Film;Actie;1
PLAY4;THE SENTINEL;Film;Actie;1
VRT CANVAS;KLEINE HELDEN;Jeugd;Animatie;1
VRT 1;LE GENDARME DE SAINT-TROPEZ;Film;Komedie;2
VTM;FAST FIVE;Film;Actie;2
VIJF;THE PACIFIER;Film;Komedie;1
VRT 1;PROFILAGE;Serie;Misdaad;2
PLAY4;POLICE ACADEMY IV;Film;Komedie;1
PLAY4;HET ZIJN NET MENSEN;Reality;Sociaal;5
VTM2;DEEP IMPACT;Film;Sciencefiction;1
VRT 1;PORKI ROBOPIG;Jeugd;Animatie;1
VTM;OCTOPUSSY;Film;Actie;1
VRT 1;FORT APACHE;Film;Western;1
VRT 1;ATLETIEK. NACHT HEUSDEN-ZOLDER (S.);Sport;Atletiek;3
VRT CANVAS;WILD THAILAND;Documentaire;Natuur;3
VRT CANVAS;BRITAIN'S BIGGEST SUPERYACHTS, CHASING PERFECTION;Documentaire;Lifestyle;1
VRT CANVAS;DANNY IN ARABISTAN;Documentaire;Reizen;1
PLAY4;GUESS WHO;Spelprogramma;Quiz;1
VRT 1;RIVIERA;Serie;Drama;27
VRT CANVAS;STALIN'S DAUGHTER;Documentaire;Biografisch;1
VTM2;THE BEACH;Film;Drama;1
VTM2;LEFT BEHIND;Film;Actie;1
PLAY4;SPORTS LATE NIGHT;Sport;Highlights;575
VRT 1;PARADE'S END;Serie;Drama;5
PLAY4;MISS CONGENIALITY II;Film;Comedie;1
VTM2;RED EYE;Film;Thriller;1
VTM;IS ER WIFI IN TAHITI?;Reisprogramma;Reality;2
VRT 1;LE GENDARME A NEW YORK;Film;Comedie;1
VRT 1;AMAZING HOTELS, LIFE BEYOND THE LOBBY;Documentaire;Lifestyle;32
VRT 1;WIELRENNEN. CLASSICA SAN SEBASTIAN;Sport;Wielrennen;3
VRT 1;NATURAL WORLD;Documentaire;Natuur;3
VTM;THE GREEN HORNET;Actie;Superhelden;1
PLAY4;SUPER VETS;Documentaire;Dieren;1
VRT 1;100 JAAR GROTE OORLOG;Documentaire;Geschiedenis;1
VRT 1;TEN OORLOG;Documentaire;Geschiedenis;4
VTM;A VIEW TO A KILL;Actie;Thriller;1
VTM;AMERICA'S FUNNIEST HOME VIDEOS;Reality;Humor;5
PLAY4;AFTER THE SUNSET;Drama;Thriller;1
VIJF;FOREVER;Drama;Romance;3
VRT CANVAS;WITNESSES OF DOOM, THE LOST INTERVIEWS FROM 1948;Documentaire;Geschiedenis;1
VTM2;THE GIRL WITH THE DRAGON TATTOO;Thriller;Misdaad;1
VRT CANVAS;TRIBES, ANIMALS AND ME;Documentaire;Natuur;2
VTM2;VB. C1 UEFA SCHIFT;Sport;Voetbal;25
PLAY4;ROBIN HOOD - PRINCE OF THIEVES;Actie;Avontuur;2
VTM;THAT'S MY BOY;Komedie;Familiefilm;1
VRT 1;THE WORLD'S MOST EXTRAORDINARY HOMES;Documentaire;Reizen;11
VTM;TWILIGHT V, BREAKING DAWN;Romance;Fantasie;2
PLAY4;WILD WILD WEST;Actie;Western;1
VTM2;ARENA;Sport;Divers;1
VTM3;HUNT FOR THE LABYRINTH KILLER;Thriller;Misdaad;1
VRT 1;LE GENDARME SE MARIE;Film;Komedie;1
VRT CANVAS;ATLETIEK. WK. LONDEN;Sport;Atletiek;3
VTM;WORLD WAR Z;Film;Actie;3
VTM;WIELRENNEN. DWARS DOOR HAGELAND;Sport;Wielrennen;2
VRT 1;KANGAROO DUNDEE AND OTHER ANIMALS;Film;Documentaire;2
VRT 1;WIELRENNEN. EK. HERNING;Sport;Wielrennen;1
PLAY4;DE DIERENDOKTER;Documentaire;Natuur;1
VTM;ROAD HOUSE;Film;Actie;2
VRT 1;FLYING HOME;Film;Drama;1
VTM;THE LIVING DAYLIGHTS;Film;Actie;1
VRT 1;ATLETIEK. WK. LONDEN;Sport;Atletiek;1
VRT CANVAS;VB. EK. D. FIN;Sport;Volleybal;2
VTM;MILJONAIR;Gameshow;Quiz;29
VRT 1;ATLETIEK. WK. LONDEN (S.);Sport;Atletiek;1
PLAY4;RUSH HOUR;Film;Actie;1
VTM2;VB. SUPER EB;Sport;Volleybal;2
VRT 1;WIELRENNEN. RONDE VAN DE BENELUX;Sport;Wielrennen;3
VTM;TAKEN 2;Film;Actie;3
PLAY4;TWO WEEKS NOTICE;Film;Romantische Komedie;1
VTM;TRUE LIES;Film;Actie;3
VTM2;THE MARINE 4, MOVING TARGET;Actie;Actie-thriller;1
VRT 1;THE TRUMAN SHOW;Drama;Sciencefiction;1
VTM;ALEXANDER AND THE TERRIBLE, HORRIBLE, NO GOOD, VERY BAD DAY;Familie;Kinderfilm;2
VTM;BEVERLY HILLS COP II;Actie;Actie-komedie;2
VTM2;THE DEADLY GAME;Thriller;Actie-thriller;1
VTM2;DEATH RACE 2;Actie;Actie-thriller;1
VTM;DEATH ON THE NILE;Misdaad;Thriller;2
VRT 1;RADIO 2 ZOMERHIT;Muziek;Live Muziek;14
VTM;LICENCE TO KILL;Actie;Actie-thriller;1
VRT 1;THE PERFECTIONISTS;Documentaire;Kunst & Cultuur;2
VRT CANVAS;WILD MEXICO;Documentaire;Natuur;2
VTM2;NATIONAL TREASURE;Avontuur;Actie-avontuur;1
VRT 1;JAMIE'S SUPER FOOD;Koken;Kookprogramma;4
VTM2;VB. C1 UEFA SCHIFT. (S.);Sport;Voetbal;3
VTM;HANCOCK;Komedie;Superhelden Komedie;1
VRT 1;PERCEPTION;Drama;Misdaaddrama;6
VTM2;VB. C3 UEFA SCHIFT;Sport;Voetbal;2
VTM;2 MEISJES OP HET STRAND;Reality;Reality-Soaps;3
VTM;TEGEN DE STERREN OP LIVE;Muziek;Live Muziek;3
VTM;THE BREAK-UP;Komedie;Romantische Komedie;1
VIJF;HACHIKO, A DOG'S STORY;Film;Drama;1
PLAY4;GET SMART;Film;Actie komedie;1
VRT 1;SPANGLISH;Film;Komedie;2
VTM;RISE OF THE PLANET OF THE APES;Film;Sciencefiction;3
VRT 1;JUNGLE ANIMAL HOSPITAL;Documentaire;Natuur;1
VRT CANVAS;FIVE DAYS;Film;Thriller;2
VRT 1;WIELRENNEN. VUELTA;Sport;Wielrennen;16
VTM;PERFECT STRANGER;Film;Komedie;1
VTM2;THE KARATE KID;Film;Actie;2
VRT CANVAS;WIELRENNEN. VUELTA;Sport;Wielrennen;2
VRT 1;ATLETIEK. TRIATLON. WUUSTWEZEL (S.);Sport;Atletiek;1
VRT 1;GROENTEN UIT BALEN;Kookprogramma;Koken;1
VTM;GOLDENEYE;Film;Actie;2
VRT 1;IN ITALIE;Reisprogramma;Reizen;3
VTM;MURDER, SHE WROTE;Serie;Misdaad;7
VRT 1;HOCKEY. EK.;Sport;Hockey;1
VTM2;7 SECONDS;Serie;Thriller;1
PLAY4;HUIZENJAGERS;Reality;Huisjagers;213
VTM;JOHNNY ENGLISH;Film;Actie komedie;5
PLAY4;OCEAN'S THIRTEEN;Film;Actie;2
VTM2;SWAT;Actie;Politie;1
VTM2;FIREFIGHT;Actie;Rampen;1
PLAY4;FIRST KNIGHT;Drama;Historisch;1
VTM;WHITE HOUSE DOWN;Actie;Thriller;5
VRT CANVAS;HOCKEY. EK. FIN D.;Sport;IJshockey;1
VRT 1;BECOMING JANE;Drama;Biografisch;1
PLAY4;THE SUPER VET;Documentaire;Dieren;1
VRT 1;W., WITSE DE FILM;Misdaad;Thriller;1
VTM;TOMORROW NEVER DIES;Actie;Thriller;3
VRT 1;F1. WK. GP. BELGIE;Sport;Autosport;1
VRT 1;DE HELDEN VAN ARNOUT;Documentaire;Actualiteit;16
VRT 1;DIANA, 7 DAGEN;Documentaire;Biografisch;2
PLAY4;CAMPING KAREN & JAMES;Reality;Reis;8
PLAY4;DE KUST IS VEILIG;Reality;Spel;15
VTM2;KILLER ELITE;Actie;Thriller;1
PLAY4;DE RECHTBANK;Documentaire;Recht;112
VRT 1;BARGOENS;Comedy;Situatiecomedy;16
VRT CANVAS;HITLER AND CHURCHILL, THE EAGLE AND THE LION;Documentaire;Historisch;2
PLAY4;NIVEAU 4;Drama;Thriller;63
VRT 1;VOOR HETZELFDE GELD;Reality;Spel;9
VRT 1;CHAPEAU! 30 JAAR CLOUSEAU;Documentaire;Muziek;2
PLAY4;BAKE OFF VLAANDEREN;Reality;Bakwedstrijd;75
PLAY4;HET IS INGEWIKKELD;Reality;Relatieshow;1
VTM;OPEN KEUKEN MET SANDRA BEKKARI;Kookprogramma;Koken;82
VRT CANVAS;THE WEEK DIANA DIED;Documentaire;Historische Documentaire;1
VRT 1;MAIGRET;Drama;Misdaadserie;7
VRT 1;VERSAILLES;Drama;Historische Serie;25
VTM;DIRTY DANCING;Film;Romantische Komedie;2
VRT CANVAS;ATLETIEK. MEMORIAL IVO VAN DAMME (S.);Sport;Atletiek;1
VTM2;ARMORED;Film;Actie;1
VIJF;BEASTLY;Film;Fantasy;1
VRT 1;WEG ZIJN WIJ;Drama;Oorlogsserie;30
VRT 1;TERUG NAAR MORGEN;Sciencefiction;Tijdreis;3
VTM;THE MARTIAN;Film;Sciencefiction;6
VRT CANVAS;BELOW THE SURFACE;Drama;Misdaadserie;8
VRT 1;WIELRENNEN. BRUSSELS CYCLING CLASSIC;Sport;Wielrennen;7
VRT 1;HOTELGEHEIMEN;Drama;Misdaadserie;3
VTM2;WILD CARD;Film;Actie;2
PLAY4;THE HOBBIT, AN UNEXPECTED JOURNEY;Film;Fantasy;4
VTM;RIO 2;Film;Animatie;1
VRT 1;F1. WK. GP. ITALIE;Sport;Autosport;2
VRT 1;BILJART. LOMMEL;Sport;Biljart;1
VTM;OVER WINNAARS;Documentaire;Portret;9
VTM;SPITSBROERS;Fictie;Drama;10
VTM;THE WALL;Gameshow;Quiz;10
VTM;VERMASSEN;Documentaire;Misdaad;11
VTM;KAFKA;Fictie;Drama;16
PLAY4;#HETISINGEWIKKELD;Reality;Dating;11
VTM;HET LICHAAM VAN COPPENS;Documentaire;Misdaad;32
VTM;ALLOO IN DE NACHT;Comedy;Sketchshow;54
VRT 1;VOOR DE LEEUWEN;Gameshow;Investering;8
PLAY4;DE BENDE HAEMERS;Comedy;Sketchshow;2
VTM;THE VOICE VAN VLAANDEREN;Talentenshow;Zang;54
PLAY4;EDGE OF TOMORROW;Film;Sciencefiction;1
VTM;I GIVE IT A YEAR;Film;Romantiek;2
VTM;SAFETY FIRST, THE MOVIE;Film;Comedy;5
VRT 1;TASTES OF THE WORLD;Documentaire;Culinair;1
VRT 1;BLACK;Fictie;Drama;2
VTM;THE TUXEDO;Film;Actie;3
VTM2;ESCAPE PLAN;Film;Actie;2
VRT 1;TWEE TOT DE ZESDE MACHT;Fictie;Drama;45
VRT 1;TYTGAT CHOCOLAT;Comedy;Comedyserie;8
VTM;VELDRIJDEN. EEKLO;Sport;Wielrennen;3
VRT 1;MOUNTAINBIKE. WK. CAIRNS;Sport;Wielrennen;1
VTM2;PRISON BREAK;Drama;Crimeserie;2
VRT CANVAS;ALLAH IN EUROPA;Documentaire;Maatschappelijk;8
VRT CANVAS;RADIO GAGA;Documentaire;Muziek;8
VRT CANVAS;VB. C3 UEFA SCHIFT;Sport;Voetbal;9
VRT CANVAS;VB. C3 UEFA SCHIFT. (S.);Sport;Voetbal;1
VTM;CLOUSEAU DANST;Muziek;Concert;2
VTM2;THE DETONATOR;Actie;Actiefilm;1
VTM2;THE BIG BANG THEORY;Comedy;Comedyserie;5
VRT 1;STEPMOM;Drama;Familiefilm;1
VTM;THE HUNGER GAMES, MOCKINGJAY, PART 1;Actie;Sciencefictionfilm;2
VRT 1;WIELRENNEN. PRIMUS CLASSIC;Sport;Wielrennen;4
VRT 1;THE WONDER OF ANIMALS;Documentaire;Natuur;20
PLAY4;THE HOBBIT, THE BATTLE OF THE FIVE ARMIES;Fantasy;Fantasyfilm;5
VTM;CASINO ROYALE;Actie;Actiefilm;4
VRT 1;JIMMY DOHERTY'S ESCAPE TO THE WILD;Documentaire;Natuur;5
VRT 1;WIELRENNEN. WK. PLOEGENTIJDRIT BERGEN H.;Sport;Wielrennen;1
VRT 1;WIELRENNEN. WK. PLOEGENTIJDRIT BERGEN D.;Sport;Wielrennen;1
OP12;TENNIS. DAVIS CUP;Sport;Racquet Sport;1
VRT CANVAS;BELGA SPORT;Sport;Gemengde Sporten;1
VRT 1;VB. BB. 1/16F (S.);Sport;Voetbal;1
VRT 1;WIELRENNEN. WK. BERGEN;Sport;Wielrennen;1
VTM2;THE BOURNE LEGACY;Film;Actie;1
VIJF;HELP, MIJN MAN IS EEN KLUSSER;Reality;Home Improvement;2
VTM;LAST HOLIDAY;Film;Komödie;2
VRT CANVAS;WIELRENNEN. WK. BERGEN;Sport;Wielrennen;1
PLAY4;HERCULES;Film;Actie;3
VRT 1;KATE & LEOPOLD;Film;Romantisch;1
VTM;BEVERLY HILLS COP III;Film;Actie;2
VTM2;STAR TREK INTO DARKNESS;Film;Science Fiction;1
VTM;QUANTUM OF SOLACE;Film;Actie;6
VRT 1;VOLLEY. EK. D.;Sport;Racquet Sport;1
VRT 1;DIE HUIS;Documentaire;Sociaal;11
VRT 1;SUPERHOSPITAL;Documentaire;Medisch;8
VRT 1;APPEL D'URGENCE;Documentaire;Medisch;17
VRT 1;UNFORGOTTEN;Drama;Misdaad;12
VTM;27 DRESSES;Film;Romantisch;3
VRT CANVAS;LOCH NESS;Documentaire;Natuur;6
VRT 1;THE TIME TRAVELER'S WIFE;Drama;Romantisch Drama;1
VTM;DADDY'S HOME;Komedie;Familiekomedie;2
PLAY4;GUARDIANS OF THE GALAXY;Actie;Sciencefiction;2
VRT 1;VELDRIJDEN. GP. NEERPELT (S.);Sport;Wielrennen;1
VTM;SKYFALL;Actie;Thriller;5
VRT 1;FIETSTRIAL. WORLD CUP ANTWERPEN (S.);Sport;Fietsport;1
VRT 1;F1. WK. GP. MALEISIE;Sport;Autosport;1
VRT 1;MOTORCROSS. WK. GP. DER NATIES;Sport;Motorsport;1
VRT 1;MOTORCROSS. WK. GP. DER NATIES (S.);Sport;Motorsport;1
VTM2;POMPEII;Actie;Historisch Drama;1
VTM;THE DEVIL WEARS PRADA;Komedie;Romcom;1
PLAY4;THE HATEFUL EIGHT;Western;Thriller;1
VTM2;HUMMING BIRDS;Drama;Misdaad;1
VTM;SPECTRE;Actie;Thriller;5
VRT 1;SALAMANDER;Drama;Thriller;26
VTM;VELDRIJDEN. MEULEBEKE;Sport;Wielrennen;2
PLAY4;ZOOKEEPER;Komedie;Familiekomedie;2
VTM;FRESH OFF THE BOAT;Komedie;Familiekomedie;1
VRT 1;VELDRIJDEN. RONSE H.;Sport;Wielrennen;2
VRT 1;WIELRENNEN. PARIJS-TOURS;Sport;Wielrennen;6
VRT 1;VELDRIJDEN. RONSE D.;Sport;Wielrennen;2
VRT 1;F1. WK. GP. JAPAN;Sport;Autosport;1
VRT 1;HALF UUR NATUUR;Documentaire;Natuur;1
VTM;HOE ZAL IK HET ZEGGEN?;Reality;Relaties;41
VTM;ALLOO BIJ DE WEGPOLITIE;Reality;Politie;51
VTM;THE BOUNTY HUNTER;Film;Actie;2
VTM 2;SEAL TEAM EIGHT, BEHIND ENEMY LINES;Film;Actie;1
VTM;THE OTHER WOMAN;Film;Romantisch;4
VTM;VELDRIJDEN. KRUIBEKE H.;Sport;Wielrennen;4
PLAY4;LONE SURVIVOR;Film;Actie;2
VTM;VELDRIJDEN. KRUIBEKE D.;Sport;Wielrennen;3
VTM;2 GUNS;Film;Actie;2
VRT 1;VELDRIJDEN. SUPERPRESTIGE. ZONHOVEN H. (S.);Sport;Wielrennen;1
PLAY4;DE SLIMSTE MENS TER WERELD;Quiz;Kennis;287
VTM;DISNEY PROJECT T;Jeugd;Animatie;4
VRT 1;MOUNTAINS, LIFE ABOVE THE CLOUDS;Documentaire;Natuur;3
VRT Canvas;LA FORET;Film;Drama;1
VRT 1;VELDRIJDEN. BOOM (S.);Sport;Wielrennen;3
VRT 1;VELDRIJDEN. KOKSIJDE H.;Sport;Wielrennen;7
VRT 1;VELDRIJDEN. KOKSIJDE D.;Sport;Wielrennen;7
VTM;SHOOTER;Actie;Actie thriller;5
VRT 1;TENNIS. EUROPEAN OPEN FIN.;Sport;Tennis;2
PLAY4;PROJECT AXEL;Drama;Misdaad;9
VTM;TOP GUN;Actie;Actie avonturenfilm;5
PLAY4;BORDER PATROL;Documentaire;Criminele Documentaire;1
VTM2;THE CONTRACTOR;Actie;Actie thriller;1
VTM;CROCODILE DUNDEE;Avontuur;Avontuur komedie;1
PLAY4;THE DEPARTED;Drama;Misdaad Thriller;3
VRT 1;TABULA RASA;Drama;Misdaad thriller;6
VRT 1;VELDRIJDEN. SUPERPRESTIGE. RUDDERVOORDE H.;Sport;Veldrijden;1
VRT 1;VELDRIJDEN. SUPERPRESTIGE. RUDDERVOORDE D.;Sport;Veldrijden;1
VRT 1;HANDBAL. WK. KWALIF.;Sport;Handbal;1
VTM2;STREET FIGHTER - THE LEGEND OF CHUN-LI;Actie;Actie fantasy;1
VRT 1;VAN VLEES EN BLOED;Drama;Historisch drama;7
VTM2;VB. C1 UEFA;Sport;Voetbal;3
VRT 1;FLIKKEN ROTTERDAM;Drama;Politie serie;15
VTM;CATHERINE;Drama;Psychologische thriller;9
VRT 1;HET GEZIN;Drama;Familiedrama;20
VRT 1;VELDRIJDEN. KOPPENBERGCROSS OUDENAARDE H.;Sport;Veldrijden;1
VTM;GE HADT ERBIJ MOETEN ZIJN;Reality;Reality show;20
VRT 1;VELDRIJDEN. KOPPENBERGCROSS OUDENAARDE;Sport;Wielrennen;1
VRT 1;STERACTEUR STERARTIEST;Reality;Talentenshow;8
VTM;17 AGAIN;Film;Komedie;1
VTM 2;MACHETE KILLS;Film;Actie;1
VTM;AVENGERS, AGE OF ULTRON;Film;Superheldenfilm;2
VTM;CROCODILE DUNDEE II;Film;Avontuur;1
PLAY4;FOCUS;Documentaire;Actueel;1
VRT 1;SIMPLY NIGELLA;Koken;Kookprogramma;1
VRT 1;VELDRIJDEN. EK. TABOR;Sport;Wielrennen;1
VTM;3 DAYS TO KILL;Film;Actie;3
VRT 1;AUTO. RALLY BK.;Sport;Autosport;1
VRT 1;ANIMAL HOMES;Documentaire;Natuur;1
VRT CANVAS;STRAFPLEITERS;Documentaire;Rechtbank;12
VRT CANVAS;KINDEREN VAN DE COLLABORATIE;Documentaire;Geschiedenis;11
PLAY4;THE NIGHT MANAGER;Serie;Thriller;2
PLAY4;GEUBELS EN DE IDIOTEN;Comedy;Sketchshow;5
VRT CANVAS;THOMAS SPEELT HET HARD;Serie;Drama;2
VTM;DE LAATSTE 24 UUR;Documentaire;Actueel;9
VTM;CHARLIE'S ANGELS;Film;Actie;1
VRT 1;VELDRIJDEN. NIEL H.;Sport;Wielrennen;5
VRT 1;GLOBAL FOREST;Documentaire;Natuur;1
VRT 1;VELDRIJDEN. NIEL D.;Sport;Wielrennen;5
VTM;DAWN OF THE PLANET OF THE APES;Film;Sciencefiction;3
VRT CANVAS;RELLIK;Serie;Misdaad;2
VTM2;FURY;Film;Oorlog;2
VRT 1;VELDRIJDEN. GAVERE;Sport;Wielrennen;3
VRT 1;F1. WK. GP. BRAZILIE (KWALIF.);Sport;Autosport;1
VRT 1;RED RIVER;Film;Western;1
VTM;VB. VRIEND;Show;Variété;6
VRT 1;VICTORIA;Serie;Drama;18
PLAY4;NATIONAL TREASURE II, BOOK OF SECRETS;Film;Avontuur;2
VRT 1;BEAR ESSENTIALS;Documentaire;Natuur;1
VRT 1;MONA LISA SMILE;Film;Drama;1
VTM;THE HUNGER GAMES, MOCKINGJAY, PART 2;Film;Sciencefiction;2
VRT 1;HIJ KOMT, HIJ KOMT!;Show;Kinderprogramma;8
VRT 1;AY RAMON!;Show;Variété;1
VTM;THE CONCORDE... AIRPORT 79;Film;Drama;1
VRT 1;DRUKTE IN DE DIERENTUIN;Documentaire;Natuur;23
VTM;HOSTAGE;Serie;Thriller;1
VRT 1;WIELRENNEN. 6-DAAGSE VAN GENT;Sport;Wielrennen;3
VTM2;MEN IN BLACK II;Film;Actie/Sci-fi;1
VTM;COPPERS;Serie;Politie/Drama;1
VRT 1;TENNIS. DAVIS CUP;Sport;Tennis;2
VTM;STAN VAN SAMANG IN CONCERT;Muziek;Concert;1
VTM;LONDON HAS FALLEN;Film;Actie/Thriller;4
VRT 1;VELDRIJDEN. ZEVEN (S.);Sport;Veldrijden;1
VRT 1;MAN UP;Film;Komedie;1
VRT CANVAS;VELDRIJDEN. FLANDRIENCROSS;Sport;Veldrijden;1
VTM;THE A-TEAM;Film;Actie;5
VTM2;FASTER;Film;Actie/Thriller;1
VRT CANVAS;TENNIS. DAVIS CUP;Sport;Tennis;1
VTM2;JOHNNY ENGLISH REBORN;Film;Actie/Komedie;1
VRT 1;VB. BB. 1/8F (S.);Sport;Voetbal;2
VRT 1;VB. WK. LOTING;Sport;Voetbal;2
VTM2;HITMAN, AGENT 47;Film;Actie/Thriller;1
VRT 1;WINTER WONDERLAND;Film;Familie;3
VRT 1;READY FOR TAKEOFF;Film;Documentaire;5
VRT 1;VELDRIJDEN. HASSELT;Sport;Veldrijden;1
VRT 1;PHILADELPHIA;Film;Drama;2
VRT CANVAS;SAFE HOUSE;Film;Actie/Thriller;2
VTM;MEN OF HONOR;Drama;Actie/Krijgsvoering;1
VTM2;ELYSIUM;Actie;Sciencefiction;1
VRT 1;WIELERJAAROVERZICHT;Sport;Wielrennen;3
VRT 1;VELDRIJDEN. MOL (S.);Sport;Veldrijden;2
VTM;NON-STOP;Reality;Competitie;5
VRT 1;DAVID ATTENBOROUGH'S NATURAL CURIOSITIES;Documentaire;Natuur;5
VTM;DE KEUKEN VAN SOFIE;Koken;Recepten/Shows;25
VTM2;EVERLY;Actie;Thriller;1
VRT 1;VELDRIJDEN. ESSEN H.;Sport;Veldrijden;3
VRT 1;HET HARDE LEVEN VAN EEN PINGUIN;Documentaire;Natuur;1
VRT 1;VELDRIJDEN. ESSEN D.;Sport;Veldrijden;2
VRT 1;SEVEN YEARS IN TIBET;Drama;Biografisch;3
PLAY4;TROY;Actie;Historisch;2
VTM;BEETHOVEN'S CHRISTMAS ADVENTURE;Familie;Kerstfilm;1
VRT 1;SORRY VOOR ALLES;Drama;Comedie;4
VRT 1;VELDRIJDEN. OVERIJSE H.;Sport;Veldrijden;3
VRT 1;VELDRIJDEN. OVERIJSE;Sport;Veldrijden;1
VRT 1;VELDLOPEN. EK. SAMORIN;Sport;Atletiek;1
VTM2;S.W.A.T;Drama;Actie/Politie;1
VRT 1;CHEZ ANNEMIE;Koken;Recepten/Shows;9
VRT CANVAS;VB. BB. 1/4F;Fictie;Drama;1
VTM;SAFETY FIRST;Documentaire;Crime;21
VTM3;A CHRISTMAS DETOUR;Fictie;Romantische Komedie;1
VTM2;DEATH RACE 3, INFERNO;Fictie;Actie;1
VRT 1;VELDRIJDEN. SCHELDECROSS;Sport;Wielrennen;2
VRT 1;SUPER CUTE ANIMALS;Documentaire;Natuur;1
VTM;WAT MANNEN WILLEN;Reality;Dating;2
VRT CANVAS;CARDINAL;Fictie;Misdaad;20
VRT 1;A BEAUTIFUL MIND;Fictie;Drama;1
VTM2;OLYMPUS HAS FALLEN;Fictie;Actie;3
VRT 1;VELDRIJDEN. WK. NAMEN;Sport;Wielrennen;1
VRT 1;GYM.;Reality;Competitie;1
VTM;XXX, STATE OF THE UNION;Fictie;Actie;1
VRT 1;FREE SOUFFRIAU GOUD, WIEROOK EN MIRRE;Documentaire;Cultureel;1
VRT CANVAS;RUSSIA WITH SIMON REEVE;Documentaire;Reizen;3
VRT 1;JOANNA LUMLEY IN THE LAND OF THE NORTHERN LIGHTS;Documentaire;Reizen;1
PLAY4;GERT LAST YEAR;Comedy;Sketchshow;6
VTM;LA MAMMA;Fictie;Drama;6
VTM;OVERAL K3;Kinderprogramma;Muziek;2
PLAY4;JOURNEY TO THE CENTER OF EARTH;Fictie;Avonturenfilm;1
VTM;HOME ALONE;Film;Familiefilm, Komedie;8
VRT 1;MUSIC FOR LIFE;Show;Benefiet, Muziek;2
VRT 1;MARINA;Documentaire;Biografie;3
VRT 1;MURDOCH MYSTERIES;Serie;Misdaad, Drama;4
VTM;DE KLEINE ZEEMEERMIN;Film;Familiefilm, Animatie;1
VTM;ARTHUR CHRISTMAS;Film;Familiefilm, Animatie;1
VRT CANVAS;DE DAG DAT MIJN HUIS VIEL;Documentaire;Natuurramp;1
VRT CANVAS;WILD RUSSIA;Documentaire;Natuur;1
VTM;COLUMBO;Serie;Misdaad;4
VRT CANVAS;PAVAROTTI, CHANTEUR POPULAIRE;Documentaire;Biografie, Muziek;1
VRT 1;HET FOTOALBUM;Documentaire;Geschiedenis;1
VRT 1;VREDE OP AARDE;Show;Kerst;88
VTM;MIRACLE ON 34TH STREET;Film;Familiefilm;5
VTM;LOVE ACTUALLY;Film;Romantische Komedie;2
VRT 1;KERSTTOESPRAAK PAUS FRANCISCUS;Religieus;Kerst;1
VRT 1;VELDRIJDEN. WB. HEUSDEN-ZOLDER;Sport;Wielrennen;1
VIJF;CHRISTMAS LAND;Film;Familiefilm;1
VRT 1;JAAROVERZICHT;Nieuws;Samenvatting;6
VRT 1;DNA NYS;Documentaire;Crimineel;20
VTM3;LOVE ALWAYS, SANTA;Film;Familiefilm, Romantisch;1
VRT 1;DAGELIJKSE WINTERKOST;Koken;Kookprogramma;7
VRT 1;VELDRIJDEN. LOENHOUT;Sport;Wielrennen;2
VIJF;A ROYAL CHRISTMAS;Film;Kerstfilm;1
VTM2;ANGELS & DEMONS;Film;Actie/Thriller;2
VTM;VELDRIJDEN. BREDENE;Sport;Wielrennen;4
VIJF;CHRISTMAS WITH HOLLY;Film;Kerstfilm;1
VRT CANVAS;BELPOP;Muziek;Muziekprogramma;9
VTM;MONK;Serie;Drama/Misdaad;3
VRT 1;VELDRIJDEN. DIEGEM;Sport;Wielrennen;1
VTM;MR. POPPER'S PENGUINS;Film;Familiefilm;2
VRT 1;KUNG FU PANDA;Film;Animatiefilm;2
VTM;DE AVONTUREN VAN KUIFJE, HET GEHEIM VAN DE EENHOORN;Film;Avonturenfilm;1
VTM3;THE CHRISTMAS SHEPHERD;Film;Kerstfilm;1
VRT 1;PAARDENSPORT. JUMPING MECHELEN;Sport;Paardensport;6
VRT CANVAS;WILDEST EUROPE;Documentaire;Natuurdocumentaire;1
VIJF;NEW YEAR'S EVE;Show;Nieuwjaarsuitzending;1
VRT 1;LIVE VUURWERK;Show;Nieuwjaarsuitzending;3
VRT 1;SNOW BEARS;Film;Natuurdocumentaire;2
VTM;HOME ALONE II;Film;Kerstfilm;8
VRT 1;THROWBACK THURSDAY;Show;Herhalingen;1
VRT 1;HET BESTE UIT VOOR DE LEEUWEN;Reality;Fundraising;1
VRT 1;MALEFICENT;Film;Fantasy;1
VRT CANVAS;VAN PEEL OVERLEEFT 2017;Documentaire;Actualiteit;1
VRT CANVAS;ABBA IN CONCERT;Muziek;Concert;1
VTM;STAN VAN SAMANG IN 'T GROOT;Show;Comedyshow;1
VRT 1;FC DE KAMPIOENEN 2, JUBILEE GENERAL!;Fictie;Comedyserie;6
VRT 1;VELDRIJDEN. BAAL;Sport;Wielrennen;3
VTM;THE SOUND OF MUSIC;Film;Musical;3
VTM;TELEFACTS WINTER;Documentaire;Actualiteit;17
VRT CANVAS;BLUE PLANET;Documentaire;Natuur;6
VRT CANVAS;OOG IN OOG;Gesprek;Interview;1
VTM;BLOWN AWAY;Reality;Competition;1
VRT 1;OP DE MAN AF;Gesprek;Interview;17
VTM;BESTE KIJKERS;Show;Gameshow;78
VTM2;MALAVITA;Film;Actie;2
VRT CANVAS;EXODUS;Film;Drama;2
VRT 1;VAN ALGEMEEN NUT;Show;Variété;30
VTM;DE WENSBOOM;Film;Familie;4
VTM2;BIG GAME;Film;Actie;1
VRT 1;AND THEN THERE WERE NONE;Fictie;Misdaadserie;2
VTM2;HITMAN;Actie;Actiethriller;1
VRT 1;ATTENBOROUGH AND THE GIANT DINOSAUR;Documentaire;Natuurdocumentaire;1
VRT 1;FINDING NEVERLAND;Drama;Biografische drama;1
VTM;INSIDE OUT;Animatie;Familiefilm;2
VRT CANVAS;BEFORE WE DIE;Drama;Crimi;12
PLAY4;THE CHRONICLES OF NARNIA - PRINCE CASPIAN;Fantasy;Avonturenfilm;3
VIJF;THE GAME PLAN;Comedy;Sportkomedie;1
VTM;APOLLO 13;Drama;Historisch drama;1
VRT 1;VELDRIJDEN. LEUVEN H.;Sport;Wielrennen;3
VRT 1;VELDRIJDEN. LEUVEN D.;Sport;Wielrennen;3
VTM;BOWLING BALLS;Comedy;Komedieserie;5
VRT 1;MIJ OVERKOMT HET NIET;Documentaire;Sociaal;11
VRT CANVAS;WERELDRECORD;Documentaire;Sportdocumentaire;15
VRT 1;LOSLOPEND WILD & GEVOGELTE;Documentaire;Natuurdocumentaire;29
VTM2;PREMIUM RUSH;Actie;Actiethriller;1
VRT CANVAS;LOUIS THEROUX;Documentaire;Sociaal;3
VRT CANVAS;WINSTON CHURCHILL, A GIANT IN THE CENTURY;Documentaire;Historische documentaire;1
VTM2;DRAGON EYES;Actie;Actiethriller;1
VRT 1;POLAR WORLD;Documentaire;Natuurdocumentaire;1
VRT 1;LA VITA E BELLA;Drama;Oorlogsdrama;1
VTM;INTO THE WOODS;Film;Musical;2
VTM;NIGHT AT THE MUSEUM;Film;Fantasie/Avontuur;1
VIJF;SHALL WE DANCE;Film;Romantische Komedie;1
VTM;'TIL DEATH;Film;Komedie;1
VTM;D'ARDENNEN;Film;Thriller/Drama;2
VTM;NICHOLAS;Film;Drama;9
VRT 1;VELDRIJDEN. OTEGEM (S.);Sport;Wielrennen;3
VTM;FURIOUS 6;Film;Actie;4
VRT CANVAS;ALBERT NOBBS;Film;Drama;1
VTM2;DRAGONHEART 3, THE SORCERER'S CURSE;Film;Fantasie/Avontuur;1
VRT 1;SNOW MONKEYS;Documentaire;Natuur;1
VRT 1;MISSION IMPOSSIBLE ROGUE NATION;Film;Actie;1
VRT 1;VELDRIJDEN. ZONNEBEKE (S.);Sport;Wielrennen;2
VTM;BRIDGE OF SPIES;Film;Thriller;1
PLAY4;THE BLIND SIDE;Film;Drama;1
VTM;WALKING WITH DINOSAURS, THE 3D MOVIE;Film;Documentaire/Avontuur;1
VRT 1;TABOE;Documentaire;Sociaal;26
VTM;LOS FLAMENCOS;Documentaire;Muziek;3
VRT 1;VELDRIJDEN. NOMMAY H.;Sport;Wielrennen;1
VTM2;NOVEMBER MAN;Film;Actie/Thriller;1
VRT 1;M/V/X;Documentaire;Maatschappij;3
VTM2;THE WARRIOR'S WAY;Film;Actie;1
VRT Canvas;TURIST;Film;Drama;1
VTM3;DIRTY TEACHER;Film;Comedy;1
VRT 1;HET COLLECTIEF GEHEUGEN;Documentaire;Geschiedenis;6
VRT 1;PENGUIN CITY, SOUTH GEORGIA;Documentaire;Natuur;1
VRT 1;WITSE;Serie;Misdaad;515
VRT 1;VELDRIJDEN. HOOGERHEIDE H.;Sport;Wielrennen;2
VTM;PLAN BART;Serie;Comedy;3
VRT 1;CRAZY CREATURE COSTUMES;Documentaire;Natuur;1
VRT 1;A NIGHT ON EARTH;Documentaire;Natuur;1
VTM;CHICAGO MED;Serie;Medisch;7
VRT 1;VB. BB. 1/2F (S.);Serie;Drama;2
VRT Canvas;DOOR HET HART VAN CHINA;Documentaire;Reis;1
PLAY4;LARRY CROWNE;Film;Romantiek;1
VTM;BATTLESHIP;Film;Actie;3
VRT Canvas;THE RAILWAY MAN;Film;Drama;1
VRT 1;VELDRIJDEN. VALKENBURG D.;Sport;Wielrennen;1
VRT 1;SUPER SMALL ANIMALS;Documentaire;Natuur;1
VTM;DEADPOOL;Film;Actie;1
PLAY4;THE REVENANT;Film;Actie/Thriller;1
VRT CANVAS;VELDRIJDEN. VALKENBURG;Sport;Wielrennen;1
VRT CANVAS;ALLEEN RUDI BLIJFT BESTAAN;Documentaire;Biografie;1
VRT 1;VELDRIJDEN. VALKENBURG H.;Sport;Wielrennen;1
VRT 1;DREAM BIG, DE WEEK VAN DE DAVISCUPPLOEG;Sport;Tennis;2
VTM;FRITS & FRANKY;Comedy;Situatiekomedie;1
VRT 1;POLITIE 24/7;Documentaire;True Crime;63
VTM;DE INFILTRANT;Film;Actie/Thriller;8
PLAY4;LEEUWENKUIL;Reality;Observatie;4
PLAY4;GENT WEST;Drama;Serie;17
VTM;VELDRIJDEN. MALDEGEM H.;Sport;Wielrennen;3
PLAY4;KAREN MAAKT EEN PLAAT;Reality;Muziek;2
VRT CANVAS;SHAME;Film;Drama;1
VRT CANVAS;OS. OPENINGSCEREMONIE;Sport;Overige;2
VRT 1;VELDRIJDEN. LILLE H.;Sport;Wielrennen;8
VTM;FIFTY SHADES OF GREY;Film;Erotisch drama;2
VRT 1;WILD SWITZERLAND;Documentaire;Natuur;1
VRT 1;VELDRIJDEN. LILLE D.;Sport;Wielrennen;8
VRT CANVAS;HARD SUN;Science Fiction;Serie;2
VTM;SALT;Film;Actie/Thriller;2
VTM;OESJE!;Reality-tv;Observatie-reality;2
VRT 1;VELDRIJDEN. HOOGSTRATEN H.;Sport;Wielrennen;1
VRT 1;TENNIS. FED CUP;Sport;Tennis;1
VRT 1;VELDRIJDEN. HOOGSTRATEN D.;Sport;Wielrennen;1
VRT 1;KLEM;Drama;Misdaad;26
PLAY4;EX-GANGSTER;Documentaire;Misdaad;3
VRT CANVAS;THE REMAINS OF THE DAY;Drama;Historisch drama;1
VRT CANVAS;DANNY DEMONSTREERT;Kookprogramma;Koken;1
VRT 1;WILD SKAGERRAK;Documentaire;Natuur;1
VTM;EDDIE THE EAGLE;Film;Biografisch;2
VTM2;LUCY;Film;Actie;2
VTM;DE PINGUINS VAN MADAGASCAR;Animatiefilm;Familie;1
VTM;BRIDGET JONES'S DIARY;Film;Romantische komedie;3
PLAY4;JUPITER ASCENDING;Film;Sciencefiction;1
VTM;HET VONNIS;Drama;Rechtbankdrama;3
VTM2;THE PACIFIER;Film;Actie komedie;1
VRT 1;VELDRIJDEN. MIDDELKERKE D. (S.);Sport;Wielrennen;1
VRT 1;VELDRIJDEN. MIDDELKERKE H. (S.);Sport;Wielrennen;1
VRT 1;KINDERKOPKES;Jeugdprogramma;Educatief;6
VRT 1;LEVE DE ZOO!;Documentaire;Natuur;6
VRT CANVAS;AMAZONES;Documentaire;Natuur/dieren;1
VTM2;SKYFALL;Film;Actie;1
VTM;BELGIUM'S GOT TALENT;Talentenshow;Variété;62
VTM2;ALLEGIANT;Film;Sciencefiction;3
VRT 1;WIELRENNEN. OMLOOP HET NIEUWSBLAD H.;Sport;Wielrennen;6
VRT 1;BORN TO FLY;Documentaire;Natuur/dieren;1
VTM;NO ESCAPE;Film;Actie;2
PLAY4;SAN ANDREAS;Film;Rampenfilm;5
VRT 1;AUTO. RALLY BK. HASPENGOUW (S.);Sport;Autosport;1
VRT 1;VELDLOPEN. BK. LAKEN H. (S.);Sport;Atletiek;1
VRT 1;VELDLOPEN. BK. LAKEN D. (S.);Sport;Atletiek;1
VRT 1;DOWN THE ROAD;Reality;Documentaire;76
VTM2;SPECTRE;Film;Actie;1
VTM;THE GOOD DOCTOR;Serie;Medisch;119
VTM2;THE TRANSPORTER REFUELED;Film;Actie;2
VRT 1;WIELRENNEN. STRADE BRIANCHE H.;Sport;Wielrennen;1
VTM;JURASSIC WORLD;Film;Sciencefiction;4
VRT 1;RUSSIA'S PRIMEVAL FORESTS, KARELIA;Documentaire;Natuur;1
VRT 1;WIELRENNEN. STRADE BRIANCHE D. (S.);Sport;Wielrennen;1
VRT CANVAS;STELLA BLOMKVIST;Serie;Drama;6
VTM;ZWARE JONGENS;Documentaire;Crimineel;3
VRT 1;WIELRENNEN. BAAN WK. APELDOORN D.;Sport;Wielrennen;1
VRT 1;WIELRENNEN. BAAN WK. APELDOORN H.;Sport;Wielrennen;1
VRT 1;WIELRENNEN. STRADE BRIANCHE H. (S.);Sport;Wielrennen;1
VRT 1;JOANNA LUMLEY'S JAPAN;Reisdocumentaire;Cultuur;1
VRT 1;SHETLAND;Misdaad;Crimi-serie;17
VTM2;FANTASTIC FOUR;Actie;Superheldenfilm;2
VTM;MAZE RUNNER, THE SCORCH TRIALS;Actie;Sciencefiction;1
VRT 1;THE LESSER CAUCASUS, BETWEEN ARARAT AND THE CASPIAN SEA;Reisdocumentaire;Natuur;1
PLAY4;AMERICAN SNIPER;Actie;Oorlog;3
VTM;PANIEKZAAIERS;Reality;Sociaal;2
VRT 1;DE RONDE;Sport;Wielrennen;4
VRT CANVAS;MAGDA GOEBBELS;Documentaire;Historisch;2
VRT 1;VANDAAG OVER EEN JAAR;Show;Variété;20
VRT 1;WIELRENNEN. HANDZAME CLASSIC;Sport;Wielrennen;1
VTM2;MOMENTUM;Actie;Misdaad;2
VTM;THE INTERNATIONAL;Actie;Misdaad;1
VTM;WIELRENNEN. MILAAN-SAN REMO;Sport;Wielrennen;8
VRT 1;WILD SARDINIA;Reisdocumentaire;Natuur;2
VTM;STEP UP ALL IN;Dans;Musical;1
VRT 1;JAMIE'S QUICK AND EASY FOOD;Koken;Kookprogramma;6
VTM;MISSION IMPOSSIBLE II;Film;Actie;2
VRT 1;GEVOEL VOOR TUMOR;Documentaire;Medisch;14
VTM;GASTON EN LEO IN HONG KONG;Reisprogramma;Komisch;2
VRT 1;IN ROME;Reisprogramma;Documentaire;3
VRT 1;DE ZWEEFVLIEGERS VAN HET REGENWOUD;Natuurdocumentaire;Dieren;1
VRT 1;HET TURNHOUTS VENNENGEBIED, EEN UNIEK STUKJE KEMPENLAND;Documentaire;Natuur;1
PLAY4;CAFE DE MOL;Reality;Spelshow;54
VTM;KAN IEDEREEN NOG VOLGEN?;Reality;Observatie;28
VTM;F-16;Documentaire;Militair;5
VRT CANVAS;HITLER'S LAST SECRETS;Documentaire;Historisch;1
VTM;HELDEN VAN DE KINDERKLINIEK;Documentaire;Medisch;10
VRT 1;WIELRENNEN. 3-DAAGSE BRUGGE - DE PANNE;Sport;Wielrennen;1
VTM;HELDEN VAN HIER, BRANDWEER ANTWERPEN;Documentaire;Brandweer;4
VIJF;GOEDELE ON TOP;Reality;Observatie;1
VRT 1;WIELRENNEN. 3-DAAGSE BRUGGE-DE PANNE;Sport;Wielrennen;4
VTM2;SICARIO;Film;Actie;1
VTM;FAST & FURIOUS 7;Film;Actie;2
VRT 1;AMUR, ASIA'S AMAZON;Natuurdocumentaire;Natuur;6
VRT 1;THE NANNY DIARIES;Film;Drama;1
VRT CANVAS;SILENT WITNESS;Misdaad;Crimi-serie;14
VTM;AXEL OPGELICHT;Reality;Hidden camera;17
PLAY4;INTERSTELLAR;Sciencefiction;Sciencefiction film;2
VRT 1;DE MARKT;Documentaire;Actualiteiten;130
VRT 1;WIELRENNEN. GENT-WEVELGEM H.;Sport;Wielrennen;7
VTM;BOER ZKT VROUW, DE WERELD ROND;Reality;Dating;26
VRT 1;WIELRENNEN. GENT-WEVELGEM D.;Sport;Wielrennen;7
VTM;BOXING STARS;Sport;Boksen;7
VTM2;DIE ANOTHER DAY;Actie;Actie film;2
VTM2;LAST KNIGHTS;Actie;Actie film;1
VRT 1;DE RONDE 101;Sport;Wielrennen;1
VTM;EXODUS, GODS AND KINGS;Historisch;Historische film;3
VTM2;A GOOD DAY TO DIE HARD;Actie;Actie film;1
VTM;PIRATES OF THE CARIBBEAN, ON STRANGER TIDES;Avontuur;Avontuurlijke film;3
VRT CANVAS;WIELRENNEN. RONDE VAN VLAANDEREN;Sport;Wielrennen;2
VRT 1;MONTY DON'S PARADISE GARDENS;Documentaire;Tuinieren;4
VRT 1;DANCE AROUND THE WORLD;Documentaire;Reizen;6
VTM;DOSSIER X;Sciencefiction;Sciencefiction serie;13
VRT 1;TOM & HARRY;Komedie;Komedieserie;10
PLAY4;GRILLMASTERS;Reality;Kookcompetitie;13
VTM2;THE GUNMAN;Actie;Actiethriller;1
VRT CANVAS;ROBO SAPIENS;Documentaire;Wetenschap & Technologie;1
VTM;STAR WARS, THE FORCE AWAKENS;Sciencefiction;Fantasy;2
VRT 1;ASTERIX & OBELIX AU SERVICE DE SA MAJESTE;Animatie;Avontuur;1
PLAY4;LIVE PD, POLICE PATROL;Documentaire;Misdaad;1
VIJF;DOLPHIN TALE;Drama;Familiefilm;1
VRT 1;F1. WK. GP. BAHREIN (S.);Sport;Autosport;3
VRT CANVAS;THE CELTS, BLOOD IRON & SACRIFICE;Documentaire;Geschiedenis;1
VRT 1;DE COLUMBUS;Documentaire;Geschiedenis;59
PLAY4;NIEUWSJAGERS;Documentaire;Misdaad;4
VRT CANVAS;NO WAY HOME;Sciencefiction;Superhelden;1
VTM2;ANT-MAN;Sciencefiction;Superhelden;1
VTM;THE MUMMY;Avontuur;Actie;3
VRT 1;BIG CATS;Documentaire;Natuur;4
VRT 1;CHEF;Documentaire;Koken;2
VTM;DESPICABLE ME 2;Animatie;Comedy;3
PLAY4;THE MAN FROM U.N.C.L.E.;Avontuur;Actie;1
VTM2;TRANSFORMERS, AGE OF EXTINCTION;Sciencefiction;Actie;1
VRT 1;WIELRENNEN. AMSTEL GOLD RACE H.;Sport;Wielrennen;6
VRT 1;WIELRENNEN. AMSTEL GOLD RACE D.;Sport;Wielrennen;6
VRT 1;GYM. ACRO WK. ANTWERPEN (S.);Sport;Gymnastiek;1
VRT 1;F1. WK. GP. CHINA (S.);Sport;Autosport;1
PLAY4;MATCHMAKERS;Reality;Dating;4
VRT 1;W.;Drama;Serie;1
VTM;ALLOO EN DE LIEFDE;Komedie;Film;7
VTM2;THE LAST WITCH HUNTER;Fantasy;Film;1
VTM2;CRIMI CLOWNS;Komedie;Film;2
VRT 1;WHAT'S EATING GILBERT GRAPE;Drama;Film;2
VTM;EVEREST;Avontuur;Film;2
VTM;THE HEARTBREAK KID;Komedie;Film;1
PLAY4;HARRY POTTER AND THE PHILOSOPHER'S STONE;Fantasy;Film;1
VTM2;THE SORCERER'S APPRENTICE;Fantasy;Film;2
VRT 1;ATLETIEK. MARATHON ANTWERPEN (S.);Sport;Atletiek;1
VRT 1;TENNIS. FED CUP (S.);Sport;Tennis;1
VRT 1;HANDBAL. BB. FIN H. (S.);Sport;Handbal;1
VTM;FLIGHT;Thriller;Film;1
VRT 1;OP EEN;Documentaire;Natuur;8
VRT 1;AFSCHEID;Drama;Film;6
VRT 1;ADRIAAN VAN DEN HOOF;Documentaire;Biografie;3
VRT 1;SECRETS (2018);Drama;Serie;1
VTM;SPOED;Fictie;Medische serie;40
VTM;DE BUURTPOLITIE, DE GROTE GELDROOF;Fictie;Crimi-serie;2
VRT 1;ANIMALS WITH CAMERAS;Documentaire;Natuur;5
VRT CANVAS;BANCROFT;Fictie;Crimi-serie;5
PLAY4;HARRY POTTER AND THE CHAMBER OF SECRETS;Fictie;Fantasy film;5
VRT 1;PROOF;Fictie;Medische serie;1
VTM;BRIDGET JONES, THE EDGE OF REASON;Fictie;Romantische komedie;2
VTM2;X-MEN, APOCALYPSE;Fictie;Superheldenfilm;1
VRT 1;LA FAMILLE BELIER;Fictie;Familiefilm;2
PLAY4;HARRY POTTER AND THE PRISONER OF AZKABAN;Fictie;Fantasy film;6
VTM;POINT BREAK;Fictie;Actie film;1
VTM;DIE HARD 4.0;Fictie;Actie film;4
VTM2;THE LIBRARIAN, RETURN TO KING SOLOMON'S MINES;Fictie;Avontuur film;1
VTM2;ABSOLUTE DECEPTION;Fictie;Thriller;1
VTM2;AFTER EARTH;Fictie;Sciencefiction film;1
VTM2;PRECIOUS CARGO;Fictie;Actie film;1
VRT CANVAS;ROOM;Fictie;Drama;1
PLAY4;HARRY POTTER AND THE GOBLET OF FIRE;Fictie;Fantasy film;6
VTM2;TERMINATOR 2, JUDGEMENT DAY;Fictie;Sciencefiction film;1
VRT CANVAS;KONINGIN ELISABETH WEDSTRIJD;Documentaire;Klassieke muziek;1
